-- MySQL dump 10.16  Distrib 10.2.12-MariaDB, for osx10.13 (x86_64)
--
-- Host: localhost    Database: psychomorph
-- ------------------------------------------------------
-- Server version	10.2.12-MariaDB

/*!40101 SET @OLD_CHARACTER_SET_CLIENT=@@CHARACTER_SET_CLIENT */;
/*!40101 SET @OLD_CHARACTER_SET_RESULTS=@@CHARACTER_SET_RESULTS */;
/*!40101 SET @OLD_COLLATION_CONNECTION=@@COLLATION_CONNECTION */;
/*!40101 SET NAMES utf8 */;
/*!40103 SET @OLD_TIME_ZONE=@@TIME_ZONE */;
/*!40103 SET TIME_ZONE='+00:00' */;
/*!40014 SET @OLD_UNIQUE_CHECKS=@@UNIQUE_CHECKS, UNIQUE_CHECKS=0 */;
/*!40014 SET @OLD_FOREIGN_KEY_CHECKS=@@FOREIGN_KEY_CHECKS, FOREIGN_KEY_CHECKS=0 */;
/*!40101 SET @OLD_SQL_MODE=@@SQL_MODE, SQL_MODE='NO_AUTO_VALUE_ON_ZERO' */;
/*!40111 SET @OLD_SQL_NOTES=@@SQL_NOTES, SQL_NOTES=0 */;

--
-- Table structure for table `tem`
--

DROP TABLE IF EXISTS `tem`;
/*!40101 SET @saved_cs_client     = @@character_set_client */;
/*!40101 SET character_set_client = utf8 */;
CREATE TABLE `tem` (
  `id` int(11) NOT NULL AUTO_INCREMENT,
  `user_id` int(4) NOT NULL,
  `name` varchar(255) NOT NULL,
  `notes` text DEFAULT NULL,
  `public` tinyint(1) DEFAULT 0,
  `3ptdelin1` int(4) DEFAULT NULL,
  `3ptdelin2` int(4) DEFAULT NULL,
  `3ptdelin3` int(4) DEFAULT NULL,
  `align_pt1` int(4) DEFAULT NULL,
  `align_pt2` int(4) DEFAULT NULL,
  `width` int(4) DEFAULT NULL,
  `height` int(4) DEFAULT NULL,
  PRIMARY KEY (`id`)
) ENGINE=MyISAM AUTO_INCREMENT=37 DEFAULT CHARSET=latin1;
/*!40101 SET character_set_client = @saved_cs_client */;

--
-- Dumping data for table `tem`
--

LOCK TABLES `tem` WRITE;
/*!40000 ALTER TABLE `tem` DISABLE KEYS */;
INSERT INTO `tem` VALUES (1,1,'FRL-face','Face Research Lab 189-point front face template',1,0,1,96,NULL,NULL,NULL,NULL),(4,15,'FRL-bodies','Face Research Lab template for bodies',1,220,247,286,NULL,NULL,NULL,NULL),(3,1,'Simple-face','Simplified 29-point template for demos',1,0,1,9,NULL,NULL,NULL,NULL),(10,1,'PL-179-face','Perception Lab 179-point front face template',1,0,1,96,0,1,1350,1800),(30,1,'RSSSE','95-point template for demos (used at RSSSE 2015)',1,0,1,94,0,1,900,1200),(32,1,'FRL-profile-R','Face Research Lab right profile face template',1,35,86,6,35,86,1350,1800),(33,1,'FRL-profile-L','Face Research Lab left profile face template',1,35,86,6,35,86,1350,1800),(35,3,'baby-tem','Face Research Lab 189-point front face template with additional ear points and line around top of head to make masking baby faces easier',1,0,1,96,0,1,690,955);
/*!40000 ALTER TABLE `tem` ENABLE KEYS */;
UNLOCK TABLES;

--
-- Table structure for table `line`
--

DROP TABLE IF EXISTS `line`;
/*!40101 SET @saved_cs_client     = @@character_set_client */;
/*!40101 SET character_set_client = utf8 */;
CREATE TABLE `line` (
  `tem_id` int(11) NOT NULL,
  `n` int(4) NOT NULL,
  `linetype` enum('open','closed') DEFAULT 'open',
  `points` varchar(255) NOT NULL,
  `color` varchar(100) DEFAULT 'default',
  UNIQUE KEY `id_n` (`tem_id`,`n`)
) ENGINE=MyISAM DEFAULT CHARSET=latin1;
/*!40101 SET character_set_client = @saved_cs_client */;

--
-- Dumping data for table `line`
--

LOCK TABLES `line` WRITE;
/*!40000 ALTER TABLE `line` DISABLE KEYS */;
INSERT INTO `line` VALUES (1,0,'open','0,0','default'),(1,1,'open','1,1','default'),(1,2,'open','2,3,4,5,6,7,8,9,2','default'),(1,3,'open','10,11,12,13,14,15,16,17,10','default'),(1,4,'open','18,19,20,21,22','default'),(1,5,'open','23,24,25,26,27','default'),(1,6,'open','18,28,29,30,22','default'),(1,7,'open','23,31,32,33,27','default'),(1,8,'open','34,35,36,37,38','default'),(1,9,'open','39,40,41,42,43','default'),(1,10,'open','44,45,46','default'),(1,11,'open','47,48,49','default'),(1,12,'open','50,51,52,53,54,55','default'),(1,13,'open','56,57,58,59,60,55','default'),(1,14,'open','61,62,63,64,65,179,180,55','default'),(1,15,'open','66,67,68,69,70,182,181,55','default'),(1,16,'open','71,72,73,74,75,76','default'),(1,17,'open','77,78,79,80,81,82','default'),(1,18,'open','71,83,84,76','default'),(1,19,'open','77,85,86,82','default'),(1,20,'open','87,88,89,90,91,92,93','default'),(1,21,'open','87,94,95,96,97,98,93','red'),(1,22,'open','87,99,100,101,102,103,93','default'),(1,23,'open','87,104,105,106,107,108,93','default'),(1,24,'open','109,185,110,186,111','default'),(1,25,'open','112,187,113,188,114','default'),(1,26,'open','109,115,116,117,118,119,111','default'),(1,27,'open','112,120,121,122,123,124,114','default'),(1,28,'open','109,134,135,136,137,138,139,140,141,142,143,144,112','default'),(1,29,'open','145,146,147,148,149,150,151,152,153,154,155,156,157','default'),(1,30,'open','158,159,160','default'),(1,31,'open','161,162,163','default'),(1,32,'open','164,165,166','default'),(1,33,'open','167,168,169','default'),(1,34,'open','170,171','default'),(1,35,'open','172,173','default'),(1,36,'open','174,175','default'),(1,37,'open','176,177,178','default'),(1,38,'open','126,145','default'),(1,39,'open','132,157','default'),(1,40,'open','145,183,184,157','default'),(1,41,'open','111,125,126','default'),(1,42,'open','126,127,128,129,130,131,132','default'),(1,43,'open','132,133,114','default'),(4,2,'open','19','default'),(4,1,'open','0','default'),(4,0,'open','67','default'),(3,0,'open','16,17,18,19,20,21,10,11,12,13,14,15,16','default'),(3,1,'open','25,26,27','default'),(3,2,'open','24,23,22','default'),(3,3,'open','6','default'),(3,4,'open','4,5,6','default'),(3,5,'open','2,6,3','default'),(3,6,'open','8,9,7','default'),(4,3,'open','2,3,4,5,6,7,8,9,10,11,12,13,14,15,16,17,18,19,2','default'),(4,4,'open','0','default'),(4,5,'open','3','default'),(4,6,'open','20,21,22','default'),(4,7,'open','0','default'),(4,8,'open','3','default'),(4,9,'open','20,23,22','default'),(4,10,'open','0','default'),(4,11,'open','3','default'),(4,12,'open','24,25,26','default'),(4,13,'open','0','default'),(4,14,'open','3','default'),(4,15,'open','24,27,26','default'),(4,16,'open','0','default'),(4,17,'open','4','default'),(4,18,'open','28,29,30,31','default'),(4,19,'open','0','default'),(4,20,'open','4','default'),(4,21,'open','32,33,34,35','default'),(4,22,'open','0','default'),(4,23,'open','5','default'),(4,24,'open','18,36,37,38,16','default'),(4,25,'open','0','default'),(4,26,'open','5','default'),(4,27,'open','4,39,40,41,6','default'),(4,28,'open','0','default'),(4,29,'open','5','default'),(4,30,'open','42,43,44,45,46','default'),(4,31,'open','0','default'),(4,32,'open','3','default'),(4,33,'open','42,47,46','default'),(4,34,'open','0','default'),(4,35,'open','3','default'),(4,81,'open','119,126','default'),(4,82,'open','0','default'),(4,36,'open','42,48,46','default'),(4,79,'open','0','default'),(4,80,'open','2','default'),(4,37,'open','0','default'),(4,38,'open','3','default'),(4,39,'open','49,50,51','default'),(4,40,'open','0','default'),(4,41,'open','3','default'),(4,42,'open','52,53,54','default'),(4,43,'open','0','default'),(4,44,'open','3','default'),(4,45,'open','55,56,57','default'),(4,46,'open','0','default'),(4,47,'open','3','default'),(4,48,'open','56,58,59','default'),(4,49,'open','0','default'),(4,50,'open','6','default'),(4,51,'open','60,61,62,63,64,60','default'),(4,52,'open','0','default'),(4,53,'open','5','default'),(4,54,'open','14,65,66,67,63','default'),(4,55,'open','0','default'),(4,71,'open','5','default'),(4,56,'open','5','default'),(4,57,'open','8,68,69,70,62','default'),(4,58,'open','0','default'),(4,59,'open','5','default'),(4,60,'open','18,71,72,73,4','default'),(4,61,'open','0','default'),(4,62,'open','9','default'),(4,63,'open','74,75,76,77,78,79,80,81,74','default'),(4,64,'open','0','default'),(4,65,'open','5','default'),(4,66,'open','82,83,84,85,82','default'),(4,91,'open','0','default'),(4,90,'open','158,179','default'),(4,89,'open','2','default'),(4,88,'open','0','default'),(4,87,'open','113,134','default'),(4,86,'open','2','default'),(4,85,'open','0','default'),(4,84,'open','164,171','default'),(4,83,'open','2','default'),(4,78,'open','160,175','default'),(4,77,'open','2','default'),(4,76,'open','0','default'),(4,75,'open','115,130','default'),(4,74,'open','2','default'),(4,73,'open','0','default'),(4,72,'open','94,95,96,97,94','default'),(4,70,'open','0','default'),(4,69,'open','86,87,88,89,90,91,92,93,86','default'),(4,68,'open','9','default'),(4,67,'open','0','default'),(10,0,'open','0,0','default'),(10,1,'open','1,1','default'),(10,2,'open','2,3,4,5,6,7,8,9,2','default'),(10,3,'open','10,11,12,13,14,15,16,17,10','default'),(10,4,'open','18,19,20,21,22','default'),(10,5,'open','23,24,25,26,27','default'),(10,6,'open','18,28,29,30,22','default'),(10,7,'open','23,31,32,33,27','default'),(10,8,'open','34,35,36,37,38','default'),(10,9,'open','39,40,41,42,43','default'),(10,10,'open','44,45,46','default'),(10,11,'open','47,48,49','default'),(10,12,'open','50,51,52,53,54,55','default'),(10,13,'open','56,57,58,59,60,55','default'),(10,14,'open','61,62,63,64,65,55','default'),(10,15,'open','66,67,68,69,70,55','default'),(10,16,'open','71,72,73,74,75,76','default'),(10,17,'open','77,78,79,80,81,82','default'),(10,18,'open','71,83,84,76','default'),(10,19,'open','77,85,86,82','default'),(10,20,'open','87,88,89,90,91,92,93','default'),(10,21,'open','87,94,95,96,97,98,93','default'),(10,22,'open','87,99,100,101,102,103,93','default'),(10,23,'open','87,104,105,106,107,108,93','default'),(10,24,'open','109,110,111','default'),(10,25,'open','112,113,114','default'),(10,26,'open','109,115,116,117,118,119,111','default'),(10,27,'open','112,120,121,122,123,124,114','default'),(10,28,'open','111,125,126,127,128,129,130,131,132,133,114','default'),(10,29,'open','109,134,135,136,137,138,139,140,141,142,143,144,112','default'),(10,30,'open','145,146,147,148,149,150,151,152,153,154,155,156,157','default'),(10,31,'open','158,159,160','default'),(10,32,'open','161,162,163','default'),(10,33,'open','164,165,166','default'),(10,34,'open','167,168,169','default'),(10,35,'open','170,171','default'),(10,36,'open','172,173','default'),(10,37,'open','174,175','default'),(10,38,'open','176,177,178','default'),(4,92,'open','2','default'),(4,93,'open','121,124','default'),(4,94,'open','0','default'),(4,95,'open','2','default'),(4,96,'open','166,169','default'),(4,97,'open','0','default'),(4,98,'open','2','default'),(4,99,'open','101,146','default'),(4,100,'open','0','default'),(4,101,'open','5','default'),(4,102,'open','105,188,189,190,150','default'),(4,103,'open','0','default'),(4,104,'open','5','default'),(4,105,'open','191,192,193,194,191','default'),(4,106,'open','0','default'),(4,107,'open','29','default'),(4,108,'open','98,195,196,197,198,199,200,201,202,203,204,205,206,207,208,209,210,211,212,213,214,215,216,217,218,219,220,221,63','default'),(4,109,'open','0','default'),(4,110,'open','29','default'),(4,111,'open','143,222,223,224,225,226,227,228,229,230,231,232,233,234,235,236,237,238,239,240,241,242,243,244,245,246,247,248,62','default'),(4,112,'open','0','default'),(4,113,'open','2','default'),(4,114,'open','214,198','default'),(4,115,'open','0','default'),(4,116,'open','2','default'),(4,117,'open','213,199','default'),(4,118,'open','0','default'),(4,119,'open','2','default'),(4,120,'open','209,203','default'),(4,121,'open','0','default'),(4,122,'open','2','default'),(4,123,'open','241,225','default'),(4,124,'open','0','default'),(4,125,'open','2','default'),(4,126,'open','240,226','default'),(4,127,'open','0','default'),(4,128,'open','2','default'),(4,129,'open','236,230','default'),(4,130,'open','0','default'),(4,131,'open','7','default'),(4,132,'open','220,249,250,251,252,253,247','default'),(4,133,'open','0','default'),(4,134,'open','5','default'),(4,135,'open','258,293,259,294,260','default'),(4,136,'open','0','default'),(4,137,'open','5','default'),(4,138,'open','261,295,262,296,263','default'),(4,139,'open','0','default'),(4,140,'open','2','default'),(4,141,'open','265,98','default'),(4,142,'open','0','default'),(4,143,'open','2','default'),(4,144,'open','267,143','default'),(4,145,'open','0','default'),(4,146,'open','10','default'),(4,147,'open','119,120,121,289,122,123,290,124,125,126','default'),(4,148,'open','0','default'),(4,149,'open','10','default'),(4,150,'open','164,165,166,291,167,168,292,169,170,171','default'),(4,151,'open','0','default'),(4,152,'open','3','default'),(4,153,'open','99,264,265','default'),(4,154,'open','0','default'),(4,155,'open','3','default'),(4,156,'open','144,266,267','default'),(30,21,'open','77,76,72,71,70,85,86,87,88,89,73,74,75,84,83,82,81,80,79,78,77','default'),(30,20,'open','83,91','default'),(30,19,'open','77,90','default'),(30,18,'open','57,65,66,67,68,69,63','default'),(30,17,'open','57,94,63','default'),(30,16,'open','57,64,63','default'),(30,15,'open','57,58,59,60,61,62,63','default'),(30,14,'open','47,55,56,52','default'),(30,13,'open','41,53,54,46','default'),(30,12,'open','47,48,49,50,51,52','default'),(30,11,'open','41,42,43,44,45,46','default'),(30,10,'open','38,39,40','default'),(30,9,'open','92,31,93','default'),(30,8,'open','35,36,37','default'),(30,7,'open','32,33,34,31','default'),(30,6,'open','28,29,30,31','default'),(30,5,'open','23,24,25,26,27','default'),(30,4,'open','18,19,20,21,22','default'),(30,3,'open','7,15,16,17,11','default'),(30,2,'open','2,12,13,14,6','default'),(30,1,'open','7,8,9,10,11','default'),(30,0,'open','2,3,4,5,6','default'),(32,28,'open','52,53,143','default'),(32,27,'open','67,68,69,70,145,142,146,72','default'),(32,26,'open','67,74,73,72','default'),(32,25,'open','80,87,86,85,83','default'),(32,24,'open','88,89,90','default'),(32,23,'open','1,81,80,79','default'),(32,22,'open','1,84,83,82','default'),(32,21,'open','91,125,126,121','default'),(32,20,'open','78,77,76,75','default'),(32,19,'open','14,124,121,122,13,123,141,12','default'),(32,18,'open','91,92,93,13','default'),(32,17,'open','91,96,97,14','default'),(32,16,'open','91,94,95,12','default'),(32,15,'open','10,109','default'),(32,14,'open','49,50,51','default'),(32,13,'open','106,107,108','default'),(32,12,'open','60,59,58,57,56,55','default'),(32,11,'open','66,65,64,63,62,61,6','default'),(32,10,'open','127,128,129','default'),(32,9,'open','120,119,118','default'),(32,8,'open','139,140,36','default'),(32,7,'open','44,45,135,46,136,47,137,48,138','default'),(32,1,'open','14,15,16,17,144,18,19,20,21,22,131','default'),(32,2,'open','131,146,23,145,71,24,25,26,27,28','default'),(32,3,'open','28,29,30,31,32,33,34,35','default'),(32,4,'open','35,36,37,38,0','default'),(32,5,'open','35,132,43,42,41,40,133,39,134,0','default'),(32,6,'open','117,116,115,114,113,112,111,130,110','default'),(32,0,'open','0,2,3,4,5,6,7,8,9,10,11,12','default'),(33,21,'open','91,125,126,121','default'),(33,20,'open','78,77,76,75','default'),(33,19,'open','14,124,121,122,13,123,141,12','default'),(33,18,'open','91,92,93,13','default'),(33,17,'open','91,96,97,14','default'),(33,16,'open','91,94,95,12','default'),(33,15,'open','10,109','default'),(33,14,'open','49,50,51','default'),(33,13,'open','106,107,108','default'),(33,12,'open','60,59,58,57,56,55','default'),(33,11,'open','66,65,64,63,62,61,6','default'),(33,10,'open','127,128,129','default'),(33,9,'open','120,119,118','default'),(33,8,'open','139,140,36','default'),(33,7,'open','44,45,135,46,136,47,137,48,138','default'),(33,6,'open','117,116,115,114,113,112,111,130,110','default'),(33,5,'open','35,132,43,42,41,40,133,39,134,0','default'),(33,4,'open','35,36,37,38,0','default'),(33,3,'open','28,29,30,31,32,33,34,35','default'),(33,2,'open','131,146,23,145,71,24,25,26,27,28','default'),(33,1,'open','14,15,16,17,144,18,19,20,21,22,131','default'),(33,0,'open','0,2,3,4,5,6,7,8,9,10,11,12','default'),(33,22,'open','1,84,83,82','default'),(33,23,'open','1,81,80,79','default'),(33,24,'open','88,89,90','default'),(33,25,'open','80,87,86,85,83','default'),(33,26,'open','67,74,73,72','default'),(33,27,'open','67,68,69,70,145,142,146,72','default'),(33,28,'open','52,53,143','default'),(33,29,'open','143,54','default'),(33,30,'open','118,98,99,100,101,102,103,104,105,28','default'),(32,29,'open','143,54','default'),(32,30,'open','118,98,99,100,101,102,103,104,105,28','default'),(35,0,'open','0,0','default'),(35,1,'open','1,1','default'),(35,2,'open','2,3,4,5,6,7,8,9,2','default'),(35,3,'open','10,11,12,13,14,15,16,17,10','default'),(35,4,'open','18,19,20,21,22','default'),(35,5,'open','23,24,25,26,27','default'),(35,6,'open','18,28,29,30,22','default'),(35,7,'open','23,31,32,33,27','default'),(35,8,'open','34,35,36,37,38','default'),(35,9,'open','39,40,41,42,43','default'),(35,10,'open','44,45,46','default'),(35,11,'open','47,48,49','default'),(35,12,'open','50,51,52,53,54,55','default'),(35,13,'open','56,57,58,59,60,55','default'),(35,14,'open','61,62,63,64,65,179,180,55','default'),(35,15,'open','66,67,68,69,70,182,181,55','default'),(35,16,'open','71,72,73,74,75,76','default'),(35,17,'open','77,78,79,80,81,82','default'),(35,18,'open','71,83,84,76','default'),(35,19,'open','77,85,86,82','default'),(35,20,'open','87,88,89,90,91,92,93','default'),(35,21,'open','87,94,95,96,97,98,93','default'),(35,22,'open','87,99,100,101,102,103,93','default'),(35,23,'open','87,104,105,106,107,108,93','default'),(35,24,'open','109,185,110,186,111','default'),(35,25,'open','112,187,113,188,114','default'),(35,26,'open','109,115,116,117,118,119,111','default'),(35,27,'open','112,120,121,122,123,124,114','default'),(35,28,'open','109,134,135,136,137,138,139,140,141,142,143,144,112','default'),(35,29,'open','145,146,147,148,149,150,151,152,153,154,155,156,157','default'),(35,30,'open','158,159,160','default'),(35,31,'open','161,162,163','default'),(35,32,'open','164,165,166','default'),(35,33,'open','167,168,169','default'),(35,34,'open','170,171','default'),(35,35,'open','172,173','default'),(35,36,'open','174,175','default'),(35,37,'open','176,177,178','default'),(35,38,'open','126,145','default'),(35,39,'open','132,157','default'),(35,40,'open','145,183,184,157','default'),(35,41,'open','111,125,126','default'),(35,42,'open','126,127,128,129,130,131,132','default'),(35,43,'open','132,133,114','default'),(35,44,'open','189,149,150,151,152,153,190','default');
/*!40000 ALTER TABLE `line` ENABLE KEYS */;
UNLOCK TABLES;

--
-- Table structure for table `point`
--

DROP TABLE IF EXISTS `point`;
/*!40101 SET @saved_cs_client     = @@character_set_client */;
/*!40101 SET character_set_client = utf8 */;
CREATE TABLE `point` (
  `tem_id` int(11) NOT NULL,
  `n` int(4) NOT NULL,
  `name` varchar(255) NOT NULL,
  `x` decimal(7,3) DEFAULT NULL,
  `y` decimal(7,3) DEFAULT NULL,
  `sym` int(4) DEFAULT NULL,
  UNIQUE KEY `id_n` (`tem_id`,`n`)
) ENGINE=MyISAM DEFAULT CHARSET=latin1;
/*!40101 SET character_set_client = @saved_cs_client */;

--
-- Dumping data for table `point`
--

LOCK TABLES `point` WRITE;
/*!40000 ALTER TABLE `point` DISABLE KEYS */;
INSERT INTO `point` VALUES (1,0,'left pupil',165.659,275.234,1),(1,1,'right pupil',284.339,275.231,0),(1,2,'top of left iris',165.219,267.225,10),(1,3,'top-left of left iris',155.781,269.909,17),(1,4,'left of left iris',154.252,276.694,16),(1,5,'bottom-left of left iris',157.117,282.607,15),(1,6,'bottom of left iris',165.507,286.083,14),(1,7,'bottom-right of left iris',173.839,282.517,13),(1,8,'right of left iris',176.720,276.472,12),(1,9,'top-right of left iris',175.040,270.366,11),(1,10,'top of right iris',284.848,267.261,2),(1,11,'top-left of right iris',274.767,270.397,9),(1,12,'left of right iris',273.120,276.515,8),(1,13,'bottom-left of right iris',276.247,282.697,7),(1,14,'bottom of right iris',284.613,286.075,6),(1,15,'bottom-right of right iris',292.915,282.607,5),(1,16,'right of right iris',295.682,276.435,4),(1,17,'top-right of right iris',294.057,269.766,3),(1,18,'outside corner of left eye',142.108,276.830,27),(1,19,'top-left of left eye',151.046,270.185,26),(1,20,'top-centre of left eye',165.185,266.927,25),(1,21,'top-right of left eye',178.974,271.116,24),(1,22,'inside corner of left eye',192.483,283.306,23),(1,23,'inside corner of right eye',257.441,282.920,22),(1,24,'top-left of right eye',270.737,271.346,21),(1,25,'top-centre of right eye',284.868,266.907,20),(1,26,'top-right of right eye',298.625,270.203,19),(1,27,'outside corner of right eye',308.015,277.239,18),(1,28,'bottom-left of left eye',151.143,284.549,33),(1,29,'bottom-centre of left eye',165.084,287.113,32),(1,30,'bottom-right of left eye',179.231,284.827,31),(1,31,'bottom-left of right eye',271.138,284.751,30),(1,32,'bottom-centre of right eye',284.950,286.988,29),(1,33,'bottom-right of right eye',298.825,284.346,28),(1,34,'left of crease above left eye',133.555,270.533,43),(1,35,'centre-left of crease above left eye',146.590,261.693,42),(1,36,'centre of crease above left eye (above pupil)',163.618,258.955,41),(1,37,'centre-right of crease above left eye',179.507,262.315,40),(1,38,'right of crease above left eye',191.157,271.462,39),(1,39,'left of crease above right eye',258.816,271.085,38),(1,40,'centre-left of crease above right eye',270.695,261.832,37),(1,41,'centre of crease above right eye (above pupil)',286.533,258.578,36),(1,42,'centre-right of crease above right eye',303.409,261.458,35),(1,43,'right of crease above right eye',316.183,270.037,34),(1,44,'bottom-left of circle under left eye',161.285,316.869,49),(1,45,'centre of circle under left eye',181.236,307.697,48),(1,46,'top-right of circle under left eye',196.632,294.275,47),(1,47,'top-left of circle under right eye',253.365,293.574,46),(1,48,'centre of circle under right eye',268.783,307.533,45),(1,49,'bottom-right of circle under right eye',288.725,316.595,44),(1,50,'left side of bridge of nose (towards eyebrow)',213.257,266.444,56),(1,51,'left side of bridge of nose (in line with inside corners of eyes)',217.322,282.619,57),(1,52,'left side of bridge of nose',217.736,300.805,58),(1,53,'left side of bridge of nose',215.574,318.661,59),(1,54,'left side of tip of nose (most bulbous part)',211.113,336.857,60),(1,55,'bottom-centre of nose',225.164,365.203,55),(1,56,'right side of bridge of nose (towards eyebrow)',236.489,266.452,50),(1,57,'right side of bridge of nose (in line with inside corners of eyes)',232.617,282.927,51),(1,58,'right side of bridge of nose',232.313,300.779,52),(1,59,'right side of bridge of nose',234.351,318.581,53),(1,60,'right side of tip of nose (most bulbous part)',238.809,337.277,54),(1,61,'top of left outer nostril',193.865,335.227,66),(1,62,'upper-left of left outer nostril',189.321,343.980,67),(1,63,'lower-left of left outer nostril',189.021,354.230,68),(1,64,'bottom of left out nostril',197.432,362.450,69),(1,65,'left edge of left inner nostril',200.853,355.684,70),(1,66,'top of right outer nostril',255.876,335.027,61),(1,67,'upper-right of right outer nostril',260.183,344.247,62),(1,68,'lower-right of right outer nostril',260.275,354.713,63),(1,69,'bottom of right outer nostril',251.893,362.727,64),(1,70,'right edge of right inner nostril',248.682,356.117,65),(1,71,'left corner of left eyebrow',114.931,252.487,82),(1,72,'top of left eyebrow',127.482,233.462,81),(1,73,'top of left eyebrow',146.085,225.529,80),(1,74,'top of left eyebrow above pupil',167.903,225.965,79),(1,75,'top-right of left eyebrow',193.080,233.973,78),(1,76,'bottom-right of left eyebrow',197.668,250.158,77),(1,77,'bottom-left or right eyebrow',252.334,249.733,76),(1,78,'top-left of right eyebrow',256.363,232.894,75),(1,79,'top of right eyebrow above pupil',280.671,225.789,74),(1,80,'top of right eyebrow',303.069,225.111,73),(1,81,'top of right eyebrow',322.582,233.182,72),(1,82,'right corner of right eyebrow',335.660,252.609,71),(1,83,'bottom of left eyebrow',140.729,242.488,86),(1,84,'bottom of left eyebrow above pupil',168.388,243.433,85),(1,85,'bottom of right eyebrow above pupil',280.452,243.817,84),(1,86,'bottom of right eyebrow',308.743,242.022,83),(1,87,'left corner of the mouth',177.127,407.040,93),(1,88,'left of top of upper lip',194.167,396.684,92),(1,89,'left point of upper lip',212.058,390.034,91),(1,90,'centre of top of upper lip',225.466,393.407,90),(1,91,'right point of upper lip',239.192,390.067,89),(1,92,'right of top of upper lip',255.878,396.803,88),(1,93,'right corner of the mouth',272.862,406.987,87),(1,94,'left of bottom of upper lip',195.087,406.517,98),(1,95,'left-centre of bottom of upper lip',210.280,405.994,97),(1,96,'centre of bottom of upper lip',225.359,407.610,96),(1,97,'right-centre of bottom of upper lip',240.155,406.060,95),(1,98,'right of bottom of upper lip',255.352,406.513,94),(1,99,'left of top of lower lip',195.080,406.524,103),(1,100,'left-centre of top of lower lip',210.284,406.067,102),(1,101,'centre of top of lower lip',225.359,407.627,101),(1,102,'right-centre of top of lower lip',240.145,406.100,100),(1,103,'right of top of lower lip',255.344,406.523,99),(1,104,'left of bottom of lower lip',189.693,420.880,108),(1,105,'left-center of bottom of lower lip',206.951,428.417,107),(1,106,'centre of bottom of lower lip',226.161,430.470,106),(1,107,'right-centre of bottom of lower lip',245.472,427.967,105),(1,108,'right of bottom of lower lip',261.762,420.103,104),(1,109,'where top of left ear meets head',93.857,272.922,112),(1,110,'middle of where left ear meets head',93.945,314.406,113),(1,111,'where bottom of left ear meets head',101.744,364.507,114),(1,112,'where top of right ear meets head',356.320,274.130,109),(1,113,'middle of where right ear meets head',356.097,315.199,110),(1,114,'where bottom of right ear meets head',348.537,365.196,111),(1,115,'top of left ear',73.582,263.505,120),(1,116,'upper-middle outside of left ear',66.128,286.517,121),(1,117,'middle outside of left ear',71.944,316.328,122),(1,118,'lower-middle outside of left ear',79.965,342.987,123),(1,119,'bottom of left earlobe',91.146,361.577,124),(1,120,'top of right ear',376.990,263.530,115),(1,121,'upper-middle outside of right ear',385.844,284.198,116),(1,122,'middle outside of right ear',380.684,313.898,117),(1,123,'lower-middle outside of right ear',372.031,342.770,118),(1,124,'bottom of right earlobe',359.624,362.450,119),(1,125,'left jaw between ear and neck',110.107,398.881,133),(1,126,'where the left side of the neck meets the face',127.821,432.197,132),(1,127,'left jaw',157.104,462.874,131),(1,128,'bottom left corner of the chin',187.939,484.317,130),(1,129,'bottom centre of the chin',226.285,492.823,129),(1,130,'bottom right corner of the chin',265.001,482.883,128),(1,131,'right jaw',295.021,461.943,127),(1,132,'where the right side of the neck meets the face',320.782,435.683,126),(1,133,'right jaw between ear and neck',339.447,402.710,125),(1,134,'hairline',97.897,236.923,144),(1,135,'hairline',109.213,201.536,143),(1,136,'left temple hairline',124.875,168.666,142),(1,137,'hairline',149.897,144.943,141),(1,138,'hairline',184.038,131.801,140),(1,139,'centre of hairline',225.292,130.893,139),(1,140,'hairline',265.950,131.677,138),(1,141,'hairline',299.404,144.270,137),(1,142,'right temple hairline',325.215,167.819,136),(1,143,'hairline',341.153,200.470,135),(1,144,'hairline',352.690,237.364,134),(1,145,'left side of the neck, about 3cm down from the jaw',127.562,488.430,157),(1,146,'outside left earlobe (creates oval around head)',62.058,391.151,156),(1,147,'about 2cm to the left of the top of the left ear (creates oval around head)',48.029,271.213,155),(1,148,'outside left temple (creates oval around head)',67.224,200.078,154),(1,149,'top of head above left temple',93.692,121.525,153),(1,150,'top of head between left temple and centre',146.664,73.538,152),(1,151,'centre top of head',225.092,54.775,151),(1,152,'top of head between right temple and centre',302.626,72.075,150),(1,153,'top of head above right temple',357.083,120.851,149),(1,154,'outside right temple (creates oval around head)',383.970,199.494,148),(1,155,'about 2cm to the right of the top of the right ear (creates oval around head)',404.227,273.254,147),(1,156,'outside right earlobe (creates oval around head)',388.837,394.870,146),(1,157,'right side of the neck, about 3cm down from the jaw',319.684,491.787,145),(1,158,'top of left smile line',177.725,362.170,161),(1,159,'centre of left smile line',166.392,377.430,162),(1,160,'bottom of left smile line',157.854,396.564,163),(1,161,'top of right smile line',273.520,361.877,158),(1,162,'centre of right smile line',285.380,377.077,159),(1,163,'bottom of right smile line',294.096,396.260,160),(1,164,'top-left of left cheekbone',112.197,326.048,167),(1,165,'centre of left cheekbone',136.054,339.160,168),(1,166,'bottom-right of left cheekbone',162.121,341.640,169),(1,167,'top-right of right cheekbone',339.080,326.439,164),(1,168,'centre of right cheekbone',315.804,339.457,165),(1,169,'bottom-left of right cheekbone',289.394,342.313,166),(1,170,'top-left of philtrum',214.336,368.384,172),(1,171,'bottom-left of philtrum',212.361,384.327,173),(1,172,'top-right of philtrum',236.169,368.267,170),(1,173,'bottom-right of philtrum',238.504,384.070,171),(1,174,'top of chin dimple',225.928,459.434,174),(1,175,'bottom of chin dimple',226.027,475.177,175),(1,176,'left of horizontal crease under chin',202.474,446.980,178),(1,177,'centre of horizontal crease under chin',226.101,441.267,177),(1,178,'right of horizontal crease under chin',249.198,446.907,176),(1,179,'right edge of left inner nostril',212.122,357.510,182),(1,180,'right edge of septum (divides nostril)',218.164,363.260,181),(1,181,'left edge of septum (divides nostril)',231.713,363.210,180),(1,182,'left edge of right inner nostril',237.765,357.323,179),(1,183,'left of the adams apple',187.842,533.690,184),(1,184,'right of the adams apple',259.213,534.573,183),(1,185,'upper-middle of where left ear meets face',92.999,295.162,187),(1,186,'lower-middle of where left ear meets face',96.534,333.401,188),(1,187,'upper-middle of where right ear meets face',357.087,295.341,185),(1,188,'lower-middle of where right ear meets face',353.337,334.473,186),(3,0,'Left pupil',165.000,274.500,1),(3,1,'Right pupil',283.500,274.500,0),(3,2,'Left side of nose',189.750,348.000,3),(3,3,'Right side of nose',259.500,348.000,2),(3,4,'Bridge of nose between eyes',224.250,273.000,4),(3,5,'Centre of nose',224.250,322.500,5),(3,6,'Bottom centre of septum',225.000,361.500,6),(3,7,'Left mouth corner',178.500,407.250,8),(3,8,'Right mouth corner',270.000,407.250,7),(3,9,'Centre of mouth',225.000,405.000,9),(3,10,'Bottom of chin',224.250,493.500,10),(3,11,'Left jaw halfway between neck and centre of chin',162.000,468.000,21),(3,12,'Where the left side of the neck meets the jaw',123.000,421.500,20),(3,13,'Where the bottom of the left ear meets the head',104.250,365.250,19),(3,14,'Where the top of the left ear meets the head',96.000,273.750,18),(3,15,'Left temple along hairline',120.750,158.250,17),(3,16,'Centre of the forehead along hairline',224.250,129.000,16),(3,17,'Right temple along hairline',327.750,158.250,15),(3,18,'Where the top of the right ear meets the head',352.500,273.750,14),(3,19,'Where the bottom of the right ear meets the head',344.250,365.250,13),(3,20,'Where the right side of the neck meets the jaw',326.250,421.500,12),(3,21,'Right jaw halfway between neck and centre of chin',287.250,468.000,11),(3,22,'Outside corner of left eyebrow',120.000,254.250,27),(3,23,'Centre of left eyebrow',150.750,243.750,26),(3,24,'Inside corner of left eyebrow',194.250,247.500,25),(3,25,'Inside corner of right eyebrow',254.250,247.500,24),(3,26,'Centre of right eyebrow',297.750,243.750,23),(3,27,'Outside corner of right eyebrow',328.500,254.250,22),(4,0,'front left platform corner',124.000,732.000,1),(4,1,'front right platform corner',403.000,735.000,0),(4,2,'middle hairline',266.000,96.000,2),(4,3,'right temple',287.000,103.000,19),(4,4,'right top ear meets face',294.000,128.000,18),(4,5,'mid right ear/face',293.000,136.000,17),(4,6,'right bottom ear meets face',291.000,146.000,16),(4,7,'right jawline midpoint between ear & neck',290.000,152.000,15),(4,8,'right neck meets jawline',288.000,159.000,14),(4,9,'right jawline midpoint between neck and chin corner',283.000,164.000,13),(4,10,'right chin corner',276.000,168.000,12),(4,11,'mid chin',268.000,170.000,11),(4,12,'left chin corner',260.000,169.000,10),(4,13,'left jawline midpoint between neck and chin corner',254.000,165.000,9),(4,14,'left neck meets jawline',249.000,160.000,8),(4,15,'left midpoint between ear & neck',246.000,154.000,7),(4,16,'left bottom ear meets face',244.000,148.000,6),(4,17,'mid left ear/face',242.000,138.000,5),(4,18,'left top ear meets face',241.000,130.000,4),(4,19,'left temple',246.000,104.000,3),(4,20,'left inner corner of eye',260.000,129.000,24),(4,21,'left top of the eye',255.000,126.000,25),(4,22,'left outer corner of the eye',250.000,128.000,26),(4,23,'left bottom of the eye',255.000,130.000,27),(4,24,'right inner corner of the eye',273.000,129.000,20),(4,25,'right top of the eye',278.000,125.000,21),(4,26,'right outer corner of the eye',284.000,128.000,22),(4,27,'right bottom of the eye',279.000,130.000,23),(4,28,'left inner end of eyebrow',260.000,122.000,32),(4,29,'left inner eyebrow',255.000,120.000,33),(4,30,'left outer eyebrow',250.000,120.000,34),(4,31,'left outer end of the eyebrow',246.000,122.000,35),(4,32,'right inner end of the eyebrow',273.000,121.000,28),(4,33,'right inner eyebrow',278.000,119.000,29),(4,34,'right outer eyebrow',283.000,119.000,30),(4,35,'right outer end of the eyebrow',288.000,122.000,31),(4,36,'top left earlobe',237.000,128.000,39),(4,37,'mid left earlobe',237.000,138.000,40),(4,38,'bottom left earlobe',242.000,147.000,41),(4,39,'top right earlobe',298.000,126.000,36),(4,40,'mid right earlobe',299.000,136.000,37),(4,41,'bottom right earlobe',294.000,146.000,38),(4,42,'left lip corner',259.000,153.000,46),(4,43,'left upper lip',264.000,149.000,45),(4,44,'mid upper lip',267.000,150.000,47),(4,45,'right upper lip',269.000,150.000,43),(4,46,'right lip corner',276.000,153.000,42),(4,47,'mid between lips',267.000,153.000,44),(4,48,'mid lower lip',267.000,157.000,48),(4,49,'left outer top of nostril',262.000,138.000,52),(4,50,'left outer mid nostrill',260.000,142.000,53),(4,51,'left outer bottom nostrill',262.000,144.000,54),(4,52,'right outer top of nostrill',272.000,139.000,49),(4,53,'right outer mid nostrill',274.000,141.000,50),(4,54,'right outer bottom nostrill',272.000,144.000,51),(4,55,'left inner nostrill',264.000,143.000,57),(4,56,'bottom centre of the nose',267.000,144.000,56),(4,57,'right inner nostrill',270.000,143.000,55),(4,58,'mid centre of the nose',267.000,140.000,58),(4,59,'top centre of the nose/between the eyes',266.000,125.000,59),(4,60,'top of the halo/ in line with mid hairline',267.000,73.000,60),(4,61,'right halo above the ear',321.000,125.000,64),(4,62,'right bottom neck',290.000,181.000,63),(4,63,'left bottom neck',247.000,182.000,62),(4,64,'lef halo above the ear',215.000,127.000,61),(4,65,'left top of the neck',249.000,167.000,68),(4,66,'left mid neck',250.000,172.000,69),(4,67,'left lower neck',249.000,177.000,70),(4,68,'right top of the neck',287.000,165.000,65),(4,69,'right mid neck',287.000,171.000,66),(4,70,'right lower neck',288.000,176.000,67),(4,71,'left top of the hair border',244.000,101.000,73),(4,72,'centre top of the hair border/ in line with mid hairline',266.000,91.000,72),(4,73,'right to of the hair border',290.000,100.000,71),(4,74,'left top of the areola',230.000,250.000,86),(4,75,'left \"ten to\" areola',225.000,252.000,87),(4,76,'left \"quarter to\" areola',223.000,257.000,88),(4,77,'left \"twenty to\" areola',225.000,261.000,89),(4,78,'left bottom of the areola',230.000,264.000,90),(4,79,'left \"twenty past\" areola',235.000,262.000,91),(4,80,'left \"quarter past\" areola',237.000,257.000,92),(4,81,'left \"ten past\" areola',235.000,252.000,93),(4,82,'left top of the nipple',229.000,254.000,94),(4,83,'left \"quarter to\" nipple',227.000,256.000,95),(4,84,'left bottom of the nipple',229.000,258.000,96),(4,85,'left \"quarter past\" nipple',231.000,256.000,97),(4,86,'right top of the areola',307.000,249.000,74),(4,87,'right \"ten past\" areola',311.000,251.000,75),(4,88,'right \"quarter past\" areola',312.000,256.000,76),(4,89,'right \"twenty past\" areola',311.000,260.000,77),(4,90,'right bottom of the areola ',307.000,263.000,78),(4,91,'right \"twenty to\" areola',301.000,261.000,79),(4,92,'right \"quarter to\" areola',300.000,255.000,80),(4,93,'right \"ten to\" areola',301.000,251.000,81),(4,94,'right top of the nipple',307.000,254.000,82),(4,95,'righ \"quarter past\" nipple',309.000,255.000,83),(4,96,'right bottom of the nipple',307.000,258.000,84),(4,97,'right \"quarter to\" nipple',305.000,255.000,85),(4,98,'left armpit',212.000,241.000,143),(4,99,'left outer midpoint between waistline and armpit',220.000,272.000,144),(4,100,'left bottom of ribcage',221.000,288.000,145),(4,101,'left waist line',222.000,305.000,146),(4,102,'left lower torso',220.000,318.000,147),(4,103,'left top of the hip',216.000,331.000,148),(4,104,'left hip',212.000,344.000,149),(4,105,'left top of pelvis',209.000,357.000,150),(4,106,'left mid pelvis',207.000,367.000,151),(4,107,'left bottom of pelvis',207.000,377.000,152),(4,108,'left outer top of the thigh',203.000,395.000,153),(4,109,'left outer upper thigh',202.000,419.000,154),(4,110,'left outer mid thigh',202.000,439.000,155),(4,111,'left outer lower thigh',205.000,462.000,156),(4,112,'left outer bottom of the thigh',208.000,485.000,157),(4,113,'left outer top of the knee',210.000,511.000,158),(4,114,'left outer mid knee',209.000,539.000,159),(4,115,'left outer bottom of the knee',204.000,568.000,160),(4,116,'left outer upper calf',204.000,589.000,161),(4,117,'left outer mid calf',206.000,612.000,162),(4,118,'left outer lower calf',209.000,635.000,163),(4,119,'left outer top of the ankle',211.000,657.000,164),(4,120,'left outer mid ankle',209.000,667.000,165),(4,121,'left outer bottom of the ankle',210.000,675.000,166),(4,122,'left outer tip of the pinky toe',193.000,705.000,167),(4,123,'left tip of the big toe',219.000,712.000,168),(4,124,'left inner bottom of the ankle',231.000,675.000,169),(4,125,'left inner mid ankle',233.000,667.000,170),(4,126,'left inner top of the ankle',231.000,657.000,171),(4,127,'left inner lower calf',233.000,636.000,172),(4,128,'left inner mid calf',237.000,616.000,173),(4,129,'left inner upper calf',241.000,597.000,174),(4,130,'left inner top of the calf',243.000,578.000,175),(4,131,'left inner bottom of the knee',244.000,563.000,176),(4,132,'left inner mid knee',246.000,547.000,177),(4,133,'left inner upper knee',250.000,533.000,178),(4,134,'left inner bottom of the thigh',253.000,518.000,179),(4,135,'left inner lower thigh',255.000,495.000,180),(4,136,'left inner mid thigh',258.000,473.000,181),(4,137,'left inner upper thigh',262.000,452.000,182),(4,138,'left inner top of the thigh',265.000,429.000,183),(4,139,'left inner bottom groin',264.000,422.000,184),(4,140,'left inner lower groin',255.000,408.000,185),(4,141,'left inner upper groin',244.000,396.000,186),(4,142,'left mid top of the leg',227.000,386.000,187),(4,143,'right armpit',325.000,241.000,98),(4,144,'right outer midpoint between waistline and armpit',317.000,269.000,99),(4,145,'right bottom of ribcage',316.000,287.000,100),(4,146,'right waistline',314.000,305.000,101),(4,147,'right lower torso',315.000,319.000,102),(4,148,'right top of the hip',319.000,332.000,103),(4,149,'right hip',323.000,345.000,104),(4,150,'right top of pelvis',325.000,357.000,105),(4,151,'right mid pelvis',326.000,366.000,106),(4,152,'right bottom of pelvis',327.000,376.000,107),(4,153,'right outer top of the thigh',331.000,394.000,108),(4,154,'right outer upper thigh',334.000,416.000,109),(4,155,'right outer mid thigh',333.000,437.000,110),(4,156,'right outer lower thigh',330.000,460.000,111),(4,157,'right outer bottom of the thigh',328.000,483.000,112),(4,158,'right outer top of the knee',326.000,507.000,113),(4,159,'right outer mid knee',328.000,536.000,114),(4,160,'right outer bottom of the knee',333.000,566.000,115),(4,161,'right outer upper calf',334.000,588.000,116),(4,162,'right outer mid calf',332.000,611.000,117),(4,163,'right outer lower calf',328.000,635.000,118),(4,164,'right outer top of the ankle',325.000,658.000,119),(4,165,'right outer mid ankle',327.000,667.000,120),(4,166,'right outer bottom of the ankle',327.000,675.000,121),(4,167,'right outer top of the pinky toe',338.000,707.000,122),(4,168,'right outer top of the big toe',311.000,713.000,123),(4,169,'right inner bottom of the ankle',304.000,676.000,124),(4,170,'right inner mid ankle',303.000,667.000,125),(4,171,'right inner top of the ankle',305.000,658.000,126),(4,172,'right inner lower calf',304.000,638.000,127),(4,173,'right inner mid calf',300.000,617.000,128),(4,174,'right inner upper calf',296.000,597.000,129),(4,175,'right inner top of the calf',294.000,578.000,130),(4,176,'right inner bottom of the knee',294.000,563.000,131),(4,177,'right inner mid knee',292.000,547.000,132),(4,178,'right inner upper knee',287.000,532.000,133),(4,179,'right inner bottom of the thigh',284.000,518.000,134),(4,180,'right inner lower thigh',282.000,495.000,135),(4,181,'right inner mid thigh',278.000,474.000,136),(4,182,'right inner upper thigh',274.000,452.000,137),(4,183,'right inner top of the thigh',271.000,429.000,138),(4,184,'right inner bottom of the groin',272.000,421.000,139),(4,185,'right inner lower groin',280.000,408.000,140),(4,186,'right inner upper groin',292.000,395.000,141),(4,187,'right  mid top of the leg',308.000,386.000,142),(4,188,'left mid abdomen',235.000,371.000,190),(4,189,'centre of abdomen/ in line with navel',267.000,379.000,189),(4,190,'right mid abdomen',300.000,370.000,188),(4,191,'top of the navel',266.000,334.000,191),(4,192,'right navel',268.000,336.000,194),(4,193,'bottom of navel',266.000,338.000,193),(4,194,'left navel',264.000,336.000,192),(4,195,'left inner top upper-arm',204.000,251.000,222),(4,196,'left inner mid upper-arm',192.000,263.000,223),(4,197,'left inner low upper-arm',180.000,274.000,224),(4,198,'left inner just above elbow',165.000,286.000,225),(4,199,'left inner widest part of forearm',147.000,303.000,226),(4,200,'left inner upper forearm',132.000,313.000,227),(4,201,'left inner mid forearm',118.000,323.000,228),(4,202,'left inner lower forearm',103.000,333.000,229),(4,203,'left inner wrist',86.000,344.000,230),(4,204,'left inner base of palm',78.000,357.000,231),(4,205,'left inner base of thumb',68.000,363.000,232),(4,206,'left inner tip of thump',54.000,374.000,233),(4,207,'left tip of longest finger',37.000,387.000,234),(4,208,'left outer knuckle',54.000,355.000,235),(4,209,'left outer wrist ',75.000,334.000,236),(4,210,'left outer lower forearm',88.000,320.000,237),(4,211,'left outer mid forearm',102.000,307.000,238),(4,212,'left outer upper forearm',114.000,293.000,239),(4,213,'left outer widest part of forearm',127.000,279.000,240),(4,214,'left outer just above the elbow',148.000,264.000,241),(4,215,'left outer lower upper-arm',162.000,250.000,242),(4,216,'left outer mid upper-arm',176.000,236.000,243),(4,217,'left outer bottom of shoulder',186.000,219.000,244),(4,218,'left outer mid shoulder',197.000,204.000,245),(4,219,'left outer top of shoulder',209.000,195.000,246),(4,220,'left outer top of collar bone',223.000,192.000,247),(4,221,'left outer mid trapezius',235.000,188.000,248),(4,222,'right inner top  upper-arm',335.000,253.000,195),(4,223,'right inner mid upper-arm',346.000,264.000,196),(4,224,'right inner lower upper arm',359.000,275.000,197),(4,225,'right inner just above the elbow',373.000,287.000,198),(4,226,'right inner widest part of forearm',389.000,302.000,199),(4,227,'right inner upper forearm',404.000,313.000,200),(4,228,'right inner mid forearm',419.000,324.000,201),(4,229,'right inner lower forearm',433.000,334.000,202),(4,230,'right inner wrist',449.000,345.000,203),(4,231,'right inner base of palm',456.000,358.000,204),(4,232,'right inner base of thumb',465.000,365.000,205),(4,233,'right inner tip of thumb',479.000,376.000,206),(4,234,'right tip of longest finger',500.000,389.000,207),(4,235,'right outer knuckles',481.000,357.000,208),(4,236,'right outer wrist',460.000,333.000,209),(4,237,'right outer lower forearm',446.000,320.000,210),(4,238,'right outer mid forearm',433.000,307.000,211),(4,239,'right outer upper forearm',421.000,293.000,212),(4,240,'right outer widest point of forearm',408.000,279.000,213),(4,241,'right outer just above elbow',390.000,266.000,214),(4,242,'right outer lower upper-arm',377.000,253.000,215),(4,243,'right outer mid upper-arm',363.000,238.000,216),(4,244,'right outer bottom of shoulder',352.000,220.000,217),(4,245,'right outer mid shoulder',341.000,205.000,218),(4,246,'right outer top of shoulder',328.000,195.000,219),(4,247,'right outer top of collar bone ',314.000,192.000,220),(4,248,'right outer mid trapezius',301.000,187.000,221),(4,249,'left mid collar bone',242.000,196.000,253),(4,250,'left top suprasternal notch',259.000,200.000,252),(4,251,'centre suprasternal notch',268.000,205.000,251),(4,252,'right top suprasternal notch',277.000,200.000,250),(4,253,'right mid collar bone',296.000,196.000,249),(4,254,'left outer upper knee',210.000,525.000,256),(4,255,'left outer lower knee',206.000,553.000,257),(4,256,'right outer upper knee',327.000,522.000,254),(4,257,'right outer lower knee',331.000,551.000,255),(4,258,'left outer edge of knee cap',215.000,535.000,261),(4,259,'left mid knee cap',225.000,551.000,262),(4,260,'left inner edge of knee cap',243.000,539.000,263),(4,261,'righ outer edge of knee cap',321.000,533.000,258),(4,262,'right mid kneecap',310.000,550.000,259),(4,263,'right inner edge of kneecap',294.000,539.000,260),(4,264,'left outer upper torso ',216.000,261.000,266),(4,265,'left outer upper torso below armpit',216.000,249.000,267),(4,266,'right outer upper torso',321.000,259.000,264),(4,267,'right outer upper torso below armpit',321.000,250.000,265),(4,268,'left inner top of breast',258.000,241.000,275),(4,269,'left inner ',259.000,256.000,276),(4,270,'left inner ',248.000,271.000,277),(4,271,'left ',232.000,276.000,278),(4,272,'left outer ',221.000,270.000,279),(4,273,'left outer ',217.000,257.000,280),(4,274,'left outer top of breast',218.000,246.000,281),(4,275,'right inner top of breast',280.000,241.000,268),(4,276,'right inner ',277.000,256.000,269),(4,277,'right inner ',288.000,271.000,270),(4,278,'right inner ',306.000,275.000,271),(4,279,'right outer ',317.000,268.000,272),(4,280,'right outer ',320.000,257.000,273),(4,281,'right outer top of the breast',320.000,247.000,274),(4,282,'rear left platform corner',148.000,667.000,283),(4,283,'rear right platform corner',389.000,668.000,282),(4,284,'right top of vulva',259.000,409.000,288),(4,285,'right labia',264.000,417.000,287),(4,286,'mid labia',268.000,417.000,286),(4,287,'left labia',272.000,416.000,285),(4,288,' left top of vulva',275.000,410.000,284),(4,289,'right outer base of pinky toe',197.000,695.000,291),(4,290,'right inner base of big toe',228.000,702.000,292),(4,291,'left outer base of pinky toe',336.000,696.000,289),(4,292,'left inner base of big toe',304.000,702.000,290),(4,293,'left outer knee cap ',218.000,546.000,295),(4,294,'left inner knee cap',235.000,549.000,296),(4,295,'right outer knee cap',318.000,542.000,293),(4,296,'right inner knee cap',300.000,547.000,294),(4,297,'left top of biceps line',198.000,240.000,300),(4,298,'left mid biceps line',189.000,249.000,301),(4,299,'left bottom of biceps line',179.000,258.000,302),(4,300,'right top of biceps line',341.000,239.000,297),(4,301,'right mid biceps line',350.000,250.000,298),(4,302,'right bottom of biceps line',360.000,260.000,299),(4,303,'left outer lower breastline',215.000,237.000,305),(4,304,'left outer upper breastline',206.000,229.000,306),(4,305,'right outer lower breastline',323.000,237.000,303),(4,306,'right outer upper breasline',330.000,228.000,304),(4,307,'left top edge of abs',239.000,320.000,309),(4,308,'left bottom edge of abs',243.000,348.000,310),(4,309,'right top edge of abs',295.000,319.000,307),(4,310,'right bottom edge of abs',290.000,348.000,308),(10,27,'outside corner of right eye',921.000,834.000,18),(10,26,'top-right of right eye',893.000,813.000,19),(10,25,'top-centre of right eye',852.000,803.000,20),(10,24,'top-left of right eye',804.000,816.000,21),(10,23,'inside corner of right eye',770.000,843.000,22),(10,22,'inside corner of left eye',573.000,843.000,23),(10,21,'top-right of left eye',537.000,812.000,24),(10,20,'top-centre of left eye',495.000,801.000,25),(10,19,'top-left of left eye',452.000,812.000,26),(10,18,'outside corner of left eye',424.000,833.000,27),(10,17,'top-right of right iris',880.000,811.000,3),(10,16,'right of right iris',887.000,829.000,4),(10,15,'bottom-right of right iris',877.000,848.000,5),(10,14,'bottom of right iris',853.000,855.000,6),(10,13,'bottom-left of right iris',828.000,847.000,7),(10,12,'left of right iris',818.000,829.000,8),(10,11,'top-left of right iris',825.000,809.000,9),(10,10,'top of right iris',852.000,803.000,2),(10,9,'top-right of left iris',523.000,808.000,11),(10,8,'right of left iris',530.000,828.000,12),(10,7,'bottom-right of left iris',521.000,846.000,13),(10,6,'bottom of left iris',495.000,856.000,14),(10,5,'bottom-left of left iris',469.000,847.000,15),(10,4,'left of left iris',461.000,829.000,16),(10,3,'top-left of left iris',467.000,810.000,17),(10,2,'top of left iris',495.000,802.000,10),(10,1,'right pupil',853.000,825.000,0),(10,0,'left pupil',496.000,825.000,1),(10,28,'bottom-left of left eye',454.000,850.000,33),(10,29,'bottom-centre of left eye',494.000,858.000,32),(10,30,'bottom-right of left eye',537.000,851.000,31),(10,31,'bottom-left of right eye',809.000,852.000,30),(10,32,'bottom-centre of right eye',853.000,858.000,29),(10,33,'bottom-right of right eye',894.000,850.000,28),(10,34,'left of crease above left eye',398.000,823.000,43),(10,35,'centre-left of crease above left eye',436.000,794.000,42),(10,36,'centre of crease above left eye (above pupil)',490.000,782.000,41),(10,37,'centre-right of crease above left eye',542.000,791.000,40),(10,38,'right of crease above left eye',578.000,822.000,39),(10,39,'left of crease above right eye',767.000,820.000,38),(10,40,'centre-left of crease above right eye',804.000,792.000,37),(10,41,'centre of crease above right eye (above pupil)',853.000,783.000,36),(10,42,'centre-right of crease above right eye',906.000,796.000,35),(10,43,'right of crease above right eye',947.000,824.000,34),(10,44,'bottom-left of circle under left eye',495.000,940.000,49),(10,45,'centre of circle under left eye',551.000,915.000,48),(10,46,'top-right of circle under left eye',594.000,874.000,47),(10,47,'top-left of circle under right eye',754.000,879.000,46),(10,48,'centre of circle under right eye',800.000,920.000,45),(10,49,'bottom-right of circle under right eye',859.000,943.000,44),(10,50,'left side of bridge of nose (towards eyebrow)',631.000,799.000,56),(10,51,'left side of bridge of nose (in line with inside corners of eyes)',640.000,848.000,57),(10,52,'left side of bridge of nose',639.000,903.000,58),(10,53,'left side of bridge of nose',630.000,955.000,59),(10,54,'left side of tip of nose (most bulbous part)',618.000,1006.000,60),(10,55,'bottom-centre of nose',670.000,1073.000,55),(10,56,'right side of bridge of nose (towards eyebrow)',710.000,801.000,50),(10,57,'right side of bridge of nose (in line with inside corners of eyes)',705.000,850.000,51),(10,58,'right side of bridge of nose',704.000,905.000,52),(10,59,'right side of bridge of nose',711.000,957.000,53),(10,60,'right side of tip of nose (most bulbous part)',721.000,1006.000,54),(10,61,'top of left outer nostril',584.000,993.000,66),(10,62,'upper-left of left outer nostril',565.000,1024.000,67),(10,63,'lower-left of left outer nostril',571.000,1057.000,68),(10,64,'bottom of left out nostril',600.000,1072.000,69),(10,65,'left edge of left inner nostril',609.000,1050.000,70),(10,66,'top of right outer nostril',760.000,993.000,61),(10,67,'upper-right of right outer nostril',778.000,1025.000,62),(10,68,'lower-right of right outer nostril',772.000,1056.000,63),(10,69,'bottom of right outer nostril',745.000,1071.000,64),(10,70,'right edge of right inner nostril',733.000,1050.000,65),(10,71,'left corner of left eyebrow',340.000,773.000,82),(10,72,'top of left eyebrow',377.000,722.000,81),(10,73,'top of left eyebrow',442.000,701.000,80),(10,74,'top of left eyebrow above pupil',505.000,703.000,79),(10,75,'top-right of left eyebrow',567.000,718.000,78),(10,76,'bottom-right of left eyebrow',584.000,757.000,77),(10,77,'bottom-left or right eyebrow',762.000,756.000,76),(10,78,'top-left of right eyebrow',773.000,717.000,75),(10,79,'top of right eyebrow above pupil',843.000,702.000,74),(10,80,'top of right eyebrow',907.000,703.000,73),(10,81,'top of right eyebrow',965.000,723.000,72),(10,82,'right corner of right eyebrow',1006.000,769.000,71),(10,83,'bottom of left eyebrow',418.000,741.000,86),(10,84,'bottom of left eyebrow above pupil',516.000,746.000,85),(10,85,'bottom of right eyebrow above pupil',840.000,743.000,84),(10,86,'bottom of right eyebrow',928.000,741.000,83),(10,87,'left corner of the mouth',527.000,1205.000,93),(10,88,'left of top of upper lip',582.000,1179.000,92),(10,89,'left point of upper lip',636.000,1166.000,91),(10,90,'centre of top of upper lip',677.000,1174.000,90),(10,91,'right point of upper lip',720.000,1168.000,89),(10,92,'right of top of upper lip',771.000,1182.000,88),(10,93,'right corner of the mouth',820.000,1204.000,87),(10,94,'left of bottom of upper lip',581.000,1209.000,98),(10,95,'left-centre of bottom of upper lip',629.000,1205.000,97),(10,96,'centre of bottom of upper lip',672.000,1207.000,96),(10,97,'right-centre of bottom of upper lip',718.000,1206.000,95),(10,98,'right of bottom of upper lip',768.000,1208.000,94),(10,99,'left of top of lower lip',581.000,1208.000,103),(10,100,'left-centre of top of lower lip',629.000,1205.000,102),(10,101,'centre of top of lower lip',672.000,1207.000,101),(10,102,'right-centre of top of lower lip',718.000,1205.000,100),(10,103,'right of top of lower lip',767.000,1208.000,99),(10,104,'left of bottom of lower lip',575.000,1239.000,108),(10,105,'left-center of bottom of lower lip',625.000,1260.000,107),(10,106,'centre of bottom of lower lip',677.000,1266.000,106),(10,107,'right-centre of bottom of lower lip',730.000,1261.000,105),(10,108,'right of bottom of lower lip',777.000,1241.000,104),(10,109,'where top of left ear meets head',273.000,840.000,112),(10,110,'middle of where left ear meets head',284.000,968.000,113),(10,111,'where bottom of left ear meets head',306.000,1110.000,114),(10,112,'where top of right ear meets head',1088.000,848.000,109),(10,113,'middle of where right ear meets head',1077.000,968.000,110),(10,114,'where bottom of right ear meets head',1051.000,1122.000,111),(10,115,'top of left ear',233.000,803.000,120),(10,116,'upper-middle outside of left ear',216.000,867.000,121),(10,117,'middle outside of left ear',225.000,951.000,122),(10,118,'lower-middle outside of left ear',248.000,1045.000,123),(10,119,'bottom of left earlobe',276.000,1105.000,124),(10,120,'top of right ear',1138.000,810.000,115),(10,121,'upper-middle outside of right ear',1159.000,858.000,116),(10,122,'middle outside of right ear',1148.000,946.000,117),(10,123,'lower-middle outside of right ear',1124.000,1036.000,118),(10,124,'bottom of right earlobe',1092.000,1114.000,119),(10,125,'left jaw between ear and neck',330.000,1220.000,133),(10,126,'where the left side of the neck meets the face',391.000,1330.000,132),(10,127,'left jaw',482.000,1403.000,131),(10,128,'bottom left corner of the chin',578.000,1449.000,130),(10,129,'bottom centre of the chin',683.000,1466.000,129),(10,130,'bottom right corner of the chin',789.000,1446.000,128),(10,131,'right jaw',884.000,1396.000,127),(10,132,'where the right side of the neck meets the face',976.000,1314.000,126),(10,133,'right jaw between ear and neck',1028.000,1217.000,125),(10,134,'hairline',290.000,747.000,144),(10,135,'hairline',311.000,646.000,143),(10,136,'left temple hairline',355.000,537.000,142),(10,137,'hairline',426.000,453.000,141),(10,138,'hairline',530.000,406.000,140),(10,139,'centre of hairline',666.000,390.000,139),(10,140,'hairline',806.000,403.000,138),(10,141,'hairline',919.000,450.000,137),(10,142,'right temple hairline',1000.000,530.000,136),(10,143,'hairline',1043.000,634.000,135),(10,144,'hairline',1067.000,737.000,134),(10,145,'left side of the neck, about 3cm down from the jaw',353.000,1538.000,157),(10,146,'outside left earlobe (creates oval around head)',144.000,1183.000,156),(10,147,'about 2cm to the left of the top of the left ear (creates oval around head)',80.000,835.000,155),(10,148,'outside left temple (creates oval around head)',109.000,540.000,154),(10,149,'top of head above left temple',229.000,296.000,153),(10,150,'top of head between left temple and centre',417.000,155.000,152),(10,151,'centre top of head',682.000,103.000,151),(10,152,'top of head between right temple and centre',959.000,158.000,150),(10,153,'top of head above right temple',1157.000,319.000,149),(10,154,'outside right temple (creates oval around head)',1275.000,552.000,148),(10,155,'about 2cm to the right of the top of the right ear (creates oval around head)',1309.000,841.000,147),(10,156,'outside right earlobe (creates oval around head)',1237.000,1218.000,146),(10,157,'right side of the neck, about 3cm down from the jaw',1030.000,1544.000,145),(10,158,'top of left smile line',533.000,1085.000,161),(10,159,'centre of left smile line',499.000,1129.000,162),(10,160,'bottom of left smile line',474.000,1185.000,163),(10,161,'top of right smile line',813.000,1087.000,158),(10,162,'centre of right smile line',851.000,1132.000,159),(10,163,'bottom of right smile line',873.000,1184.000,160),(10,164,'top-left of left cheekbone',330.000,960.000,167),(10,165,'centre of left cheekbone',384.000,1001.000,168),(10,166,'bottom-right of left cheekbone',459.000,1017.000,169),(10,167,'top-right of right cheekbone',1027.000,959.000,164),(10,168,'centre of right cheekbone',969.000,1003.000,165),(10,169,'bottom-left of right cheekbone',896.000,1021.000,166),(10,170,'top-left of philtrum',643.000,1098.000,172),(10,171,'bottom-left of philtrum',638.000,1142.000,173),(10,172,'top-right of philtrum',706.000,1097.000,170),(10,173,'bottom-right of philtrum',712.000,1143.000,171),(10,174,'top of chin dimple',685.000,1378.000,174),(10,175,'bottom of chin dimple',686.000,1422.000,175),(10,176,'left of horizontal crease under chin',627.000,1323.000,178),(10,177,'centre of horizontal crease under chin',684.000,1311.000,177),(10,178,'right of horizontal crease under chin',739.000,1325.000,176),(30,0,'left pupil',331.000,550.000,NULL),(30,1,'right pupil',568.000,550.000,NULL),(30,2,'outer corner of left eye',282.000,553.000,NULL),(30,3,'upper left of left eye',299.000,538.000,NULL),(30,4,'upper centre of left eye',329.000,531.000,NULL),(30,5,'upper right of left eye',360.000,540.000,NULL),(30,6,'inside corner of left eye',387.000,564.000,NULL),(30,7,'inside corner of right eye',510.000,564.000,NULL),(30,8,'upper left of right eye',537.000,540.000,NULL),(30,9,'upper centre of right eye',569.000,531.000,NULL),(30,10,'upper right of right eye',596.000,537.000,NULL),(30,11,'outer corner of right eye',614.000,553.000,NULL),(30,12,'lower left of left eye',298.000,567.000,NULL),(30,13,'lower center of left eye',327.000,573.000,NULL),(30,14,'lower right of left eye',356.000,568.000,NULL),(30,15,'lower left of right eye',538.000,567.000,NULL),(30,16,'lower center of right ryr',567.000,572.000,NULL),(30,17,'lower right of right eye',596.000,567.000,NULL),(30,18,'outer corner of left epicanthal fold',268.000,542.000,NULL),(30,19,'mid left of left epicanthal fold',292.000,525.000,NULL),(30,20,'center of left epicanthal fold',327.000,517.000,NULL),(30,21,'mid right of left epicanthal fold',359.000,523.000,NULL),(30,22,'inner corner of left epicanthal fold',383.000,542.000,NULL),(30,23,'inner corner of right epicanthal fold',514.000,542.000,NULL),(30,24,'mid left of right epicanthal fold',538.000,522.000,NULL),(30,25,'centre of right epicanthal fold',571.000,517.000,NULL),(30,26,'mid right of right epicanthal fold',605.000,526.000,NULL),(30,27,'outer corner of right epicanthal fold',629.000,542.000,NULL),(30,28,'left bridge of nose (between eyes)',428.000,557.000,NULL),(30,29,'left bridge of nose',426.000,631.000,NULL),(30,30,'left bulb of nose',413.000,676.000,NULL),(30,31,'tip of nose',445.000,723.000,NULL),(30,32,'right bridge of nose (between eyes)',466.000,557.000,NULL),(30,33,'right bridge of nose',465.000,630.000,NULL),(30,34,'right bulb of nose',475.000,676.000,NULL),(30,35,'top of left outer nostril',386.000,674.000,NULL),(30,36,'middle of left outer nostril',379.000,700.000,NULL),(30,37,'bottom of left outer nostril',393.000,720.000,NULL),(30,38,'top of right outer nostril',505.000,674.000,NULL),(30,39,'middle of right outer nostril',515.000,698.000,NULL),(30,40,'bottom of right outer nostril',500.000,723.000,NULL),(30,41,'outer corner of left eyebrow',230.000,516.000,NULL),(30,42,'top left of left eyebrow',245.000,482.000,NULL),(30,43,'top left of left eyebrow',285.000,463.000,NULL),(30,44,'top centre of left eyebrow (straight above pupil)',336.000,468.000,NULL),(30,45,'top inner corner of left eyebrow',391.000,487.000,NULL),(30,46,'bottom inner corner of left eyebrow',392.000,512.000,NULL),(30,47,'bottom inner corner of right eyebrow',499.000,512.000,NULL),(30,48,'top inner corner of right eyebrow',502.000,487.000,NULL),(30,49,'top centre of right eyebrow (straight above pupil)',561.000,468.000,NULL),(30,50,'top right of right eyebrow',612.000,466.000,NULL),(30,51,'top right of right eyebrow',653.000,484.000,NULL),(30,52,'outer corner of right eyebrow',672.000,517.000,NULL),(30,53,'bottom left of left eyebrow',275.000,491.000,NULL),(30,54,'bottom centre of left eyebrow (straight above pupil)',331.000,496.000,NULL),(30,55,'bottom centre of right eyebrow (straight above pupil)',564.000,496.000,NULL),(30,56,'bottom right of right eyebrow',618.000,492.000,NULL),(30,57,'left corner of mouth',352.000,805.000,NULL),(30,58,'left top of upper lip',384.000,793.000,NULL),(30,59,'left peak of upper lip',419.000,784.000,NULL),(30,60,'centre top of upper lip',446.000,789.000,NULL),(30,61,'right peak of upper lip',469.000,784.000,NULL),(30,62,'right top of upper lip',502.000,792.000,NULL),(30,63,'right corner of mouth',540.000,807.000,NULL),(30,64,'centre bottom of upper lip',445.000,808.000,NULL),(30,65,'left bottom of lower lip',382.000,829.000,NULL),(30,66,'left bottom of lower lip',408.000,840.000,NULL),(30,67,'centre bottom of lower lip',444.000,843.000,NULL),(30,68,'right bottom of lower lip',479.000,840.000,NULL),(30,69,'right bottom of lower lip',507.000,830.000,NULL),(30,70,'top of left ear',201.000,541.000,NULL),(30,71,'middle of left ear',198.000,624.000,NULL),(30,72,'bottom of left ear',214.000,723.000,NULL),(30,73,'top of right ear',712.000,544.000,NULL),(30,74,'middle of right ear',713.000,633.000,NULL),(30,75,'bottom of right ear',698.000,723.000,NULL),(30,76,'left jaw between ear and neck',232.000,813.000,NULL),(30,77,'left jaw at neck',273.000,884.000,NULL),(30,78,'left chin',320.000,928.000,NULL),(30,79,'left chin',374.000,963.000,NULL),(30,80,'bottom of chin',449.000,978.000,NULL),(30,81,'right chin',527.000,963.000,NULL),(30,82,'right chin',590.000,923.000,NULL),(30,83,'right jaw at neck',652.000,863.000,NULL),(30,84,'right jaw between ear and neck',682.000,803.000,NULL),(30,85,'left temple at hairline',224.000,404.000,NULL),(30,86,'left temple at hairline',289.000,297.000,NULL),(30,87,'centre of forehead at hairline',455.000,271.000,NULL),(30,88,'right temple at hairline',616.000,302.000,NULL),(30,89,'right temple at hairline',684.000,412.000,NULL),(30,90,'left neck',273.000,973.000,NULL),(30,91,'right neck',649.000,963.000,NULL),(30,92,'left nostril',413.000,707.000,NULL),(30,93,'right nostril',478.000,706.000,NULL),(30,94,'centre top of bottom lip',445.000,809.000,NULL),(32,145,'',1125.000,694.000,NULL),(32,144,'',1207.000,989.000,NULL),(32,143,'',1084.000,1120.000,NULL),(32,142,'',1136.000,711.000,NULL),(32,141,'',1150.000,1142.000,NULL),(32,140,'',660.000,907.000,NULL),(32,139,'',620.000,932.000,NULL),(32,138,'',690.000,974.000,NULL),(32,137,'',666.000,972.000,NULL),(32,136,'',621.000,962.000,NULL),(32,135,'',596.000,911.000,NULL),(32,134,'',699.000,1057.000,NULL),(32,133,'',636.000,1048.000,NULL),(32,132,'',645.000,785.000,NULL),(32,131,'',1113.000,779.000,NULL),(32,130,'',638.000,886.000,NULL),(32,129,'',736.000,1562.000,NULL),(32,128,'',694.000,1326.000,NULL),(32,127,'',638.000,1093.000,NULL),(32,126,'',1121.000,1113.000,NULL),(32,125,'',1107.000,1117.000,NULL),(32,124,'',1151.000,1101.000,NULL),(32,123,'',1143.000,1124.000,NULL),(32,122,'',1132.000,1113.000,NULL),(32,121,'',1132.000,1113.000,NULL),(32,120,'',314.000,1388.000,NULL),(32,119,'',350.000,1278.000,NULL),(32,118,'',360.000,1165.000,NULL),(32,117,'',611.000,988.000,NULL),(32,116,'',576.000,942.000,NULL),(32,115,'',562.000,891.000,NULL),(32,114,'',568.000,838.000,NULL),(32,113,'',600.000,807.000,NULL),(32,112,'',636.000,808.000,NULL),(32,111,'',650.000,839.000,NULL),(32,110,'',611.000,908.000,NULL),(32,109,'',1102.000,1211.000,NULL),(32,108,'',1044.000,867.000,NULL),(32,107,'',1070.000,859.000,NULL),(32,106,'',1083.000,843.000,NULL),(32,105,'',999.000,338.000,NULL),(32,104,'',830.000,253.000,NULL),(32,103,'',607.000,224.000,NULL),(32,102,'',393.000,279.000,NULL),(32,101,'',243.000,421.000,NULL),(32,100,'',165.000,666.000,NULL),(32,99,'',199.000,884.000,NULL),(32,98,'',281.000,1038.000,NULL),(32,97,'',1138.000,1086.000,NULL),(32,96,'',1115.000,1102.000,NULL),(32,95,'',1127.000,1149.000,NULL),(32,94,'',1102.000,1137.000,NULL),(32,93,'',1121.000,1114.000,NULL),(32,92,'',1107.000,1117.000,NULL),(32,91,'',1094.000,1119.000,NULL),(32,90,'',1065.000,815.000,NULL),(32,89,'',1062.000,799.000,NULL),(32,88,'',1063.000,785.000,NULL),(32,87,'',1076.000,786.000,NULL),(32,86,'',1077.000,798.000,NULL),(32,85,'',1073.000,812.000,NULL),(32,84,'',1048.000,812.000,NULL),(32,83,'',1066.000,822.000,NULL),(32,82,'',1074.000,827.000,NULL),(32,81,'',1050.000,790.000,NULL),(32,80,'',1072.000,778.000,NULL),(32,79,'',1082.000,773.000,NULL),(32,78,'',1019.000,797.000,NULL),(32,77,'',1041.000,782.000,NULL),(32,76,'',1062.000,770.000,NULL),(32,75,'',1082.000,761.000,NULL),(32,74,'',1047.000,740.000,NULL),(32,73,'',1089.000,727.000,NULL),(32,72,'',1105.000,745.000,NULL),(32,71,'',1125.000,679.000,NULL),(32,70,'',1102.000,682.000,NULL),(32,69,'',1061.000,686.000,NULL),(32,68,'',1016.000,718.000,NULL),(32,67,'',986.000,758.000,NULL),(32,66,'',766.000,1621.000,NULL),(32,65,'',813.000,1485.000,NULL),(32,64,'',838.000,1437.000,NULL),(32,63,'',857.000,1393.000,NULL),(32,62,'',888.000,1358.000,NULL),(32,61,'',970.000,1347.000,NULL),(32,60,'',1187.000,991.000,NULL),(32,59,'',1175.000,984.000,NULL),(32,58,'',1146.000,998.000,NULL),(32,57,'',1117.000,1009.000,NULL),(32,56,'',1103.000,983.000,NULL),(32,55,'',1106.000,944.000,NULL),(32,54,'',1067.000,1182.000,NULL),(32,53,'',1095.000,1068.000,NULL),(32,52,'',1100.000,1001.000,NULL),(32,51,'',1068.000,929.000,NULL),(32,50,'',999.000,927.000,NULL),(32,49,'',887.000,882.000,NULL),(32,48,'',681.000,981.000,NULL),(32,47,'',649.000,962.000,NULL),(32,46,'',602.000,941.000,NULL),(32,45,'',610.000,884.000,NULL),(32,44,'',640.000,858.000,NULL),(32,43,'',600.000,774.000,NULL),(32,42,'',539.000,832.000,NULL),(32,41,'',540.000,922.000,NULL),(32,40,'',586.000,1009.000,NULL),(32,39,'',675.000,1067.000,NULL),(32,38,'',693.000,964.000,NULL),(32,37,'',674.000,941.000,NULL),(32,36,'',673.000,917.000,NULL),(32,35,'',675.000,814.000,NULL),(32,34,'',755.000,843.000,NULL),(32,33,'',845.000,811.000,NULL),(32,32,'',872.000,723.000,NULL),(32,31,'',949.000,644.000,NULL),(32,30,'',945.000,553.000,NULL),(32,29,'',977.000,485.000,NULL),(32,28,'',1044.000,468.000,NULL),(32,27,'',1071.000,512.000,NULL),(32,26,'',1092.000,560.000,NULL),(32,25,'',1106.000,608.000,NULL),(32,24,'',1118.000,647.000,NULL),(32,23,'',1124.000,718.000,NULL),(32,22,'',1130.000,817.000,NULL),(32,21,'',1158.000,853.000,NULL),(32,20,'',1187.000,892.000,NULL),(32,19,'',1210.000,923.000,NULL),(32,18,'',1221.000,957.000,NULL),(32,17,'',1181.000,1004.000,NULL),(32,16,'',1153.000,1015.000,NULL),(32,15,'',1149.000,1043.000,NULL),(32,14,'',1158.000,1071.000,NULL),(32,13,'',1132.000,1114.000,NULL),(32,12,'',1145.000,1161.000,NULL),(32,11,'',1127.000,1180.000,NULL),(32,10,'',1116.000,1201.000,NULL),(32,9,'',1123.000,1230.000,NULL),(32,8,'',1122.000,1273.000,NULL),(32,7,'',1095.000,1315.000,NULL),(32,6,'',1054.000,1333.000,NULL),(32,5,'',954.000,1298.000,NULL),(32,4,'',846.000,1245.000,NULL),(32,3,'',755.000,1187.000,NULL),(32,2,'',726.000,1109.000,NULL),(32,1,'',1030.000,801.000,NULL),(32,0,'',709.000,1038.000,NULL),(33,146,'',230.000,743.000,NULL),(33,145,'',224.000,694.000,NULL),(33,144,'',142.000,989.000,NULL),(33,143,'',265.000,1120.000,NULL),(33,142,'',213.000,711.000,NULL),(33,141,'',200.000,1143.000,NULL),(33,140,'',689.000,907.000,NULL),(33,139,'',729.000,932.000,NULL),(33,138,'',659.000,975.000,NULL),(33,137,'',683.000,972.000,NULL),(33,136,'',728.000,962.000,NULL),(33,135,'',753.000,911.000,NULL),(33,134,'',650.000,1057.000,NULL),(33,133,'',714.000,1049.000,NULL),(33,132,'',704.000,785.000,NULL),(33,131,'',236.000,779.000,NULL),(33,130,'',711.000,886.000,NULL),(33,129,'',614.000,1562.000,NULL),(33,128,'',655.000,1327.000,NULL),(33,127,'',712.000,1094.000,NULL),(33,126,'',229.000,1114.000,NULL),(33,125,'',242.000,1117.000,NULL),(33,124,'',198.000,1101.000,NULL),(33,123,'',207.000,1124.000,NULL),(33,122,'',217.000,1114.000,NULL),(33,121,'',217.000,1114.000,NULL),(33,120,'',1036.000,1388.000,NULL),(33,119,'',999.000,1278.000,NULL),(33,118,'',989.000,1165.000,NULL),(33,117,'',738.000,988.000,NULL),(33,116,'',774.000,943.000,NULL),(33,115,'',788.000,891.000,NULL),(33,114,'',782.000,839.000,NULL),(33,113,'',749.000,807.000,NULL),(33,112,'',714.000,809.000,NULL),(33,111,'',700.000,839.000,NULL),(33,110,'',739.000,909.000,NULL),(33,109,'',248.000,1211.000,NULL),(33,108,'',305.000,867.000,NULL),(33,107,'',279.000,860.000,NULL),(33,106,'',267.000,844.000,NULL),(33,105,'',350.000,339.000,NULL),(33,104,'',520.000,253.000,NULL),(33,103,'',742.000,225.000,NULL),(33,102,'',956.000,279.000,NULL),(33,101,'',1106.000,421.000,NULL),(33,100,'',1185.000,666.000,NULL),(33,99,'',1151.000,884.000,NULL),(33,98,'',1068.000,1038.000,NULL),(33,97,'',212.000,1086.000,NULL),(33,96,'',234.000,1103.000,NULL),(33,95,'',222.000,1150.000,NULL),(33,94,'',248.000,1137.000,NULL),(33,93,'',229.000,1114.000,NULL),(33,92,'',242.000,1117.000,NULL),(33,91,'',256.000,1120.000,NULL),(33,90,'',285.000,815.000,NULL),(33,89,'',287.000,799.000,NULL),(33,88,'',286.000,785.000,NULL),(33,87,'',273.000,787.000,NULL),(33,86,'',272.000,799.000,NULL),(33,85,'',277.000,812.000,NULL),(33,84,'',301.000,812.000,NULL),(33,83,'',283.000,822.000,NULL),(33,82,'',275.000,827.000,NULL),(33,81,'',300.000,790.000,NULL),(33,80,'',278.000,778.000,NULL),(33,79,'',268.000,773.000,NULL),(33,78,'',331.000,798.000,NULL),(33,77,'',308.000,782.000,NULL),(33,76,'',288.000,770.000,NULL),(33,75,'',268.000,761.000,NULL),(33,74,'',302.000,740.000,NULL),(33,73,'',261.000,727.000,NULL),(33,72,'',244.000,745.000,NULL),(33,71,'',225.000,679.000,NULL),(33,70,'',248.000,682.000,NULL),(33,69,'',288.000,686.000,NULL),(33,68,'',334.000,719.000,NULL),(33,67,'',363.000,758.000,NULL),(33,66,'',584.000,1621.000,NULL),(33,65,'',537.000,1485.000,NULL),(33,64,'',511.000,1437.000,NULL),(33,63,'',492.000,1393.000,NULL),(33,62,'',462.000,1359.000,NULL),(33,61,'',380.000,1347.000,NULL),(33,60,'',162.000,991.000,NULL),(33,59,'',174.000,984.000,NULL),(33,58,'',204.000,998.000,NULL),(33,57,'',232.000,1009.000,NULL),(33,56,'',246.000,984.000,NULL),(33,55,'',243.000,944.000,NULL),(33,54,'',283.000,1182.000,NULL),(33,53,'',255.000,1069.000,NULL),(33,52,'',250.000,1001.000,NULL),(33,51,'',282.000,929.000,NULL),(33,50,'',351.000,927.000,NULL),(33,49,'',462.000,882.000,NULL),(33,48,'',668.000,981.000,NULL),(33,47,'',701.000,962.000,NULL),(33,46,'',748.000,941.000,NULL),(33,45,'',740.000,885.000,NULL),(33,44,'',709.000,858.000,NULL),(33,43,'',750.000,775.000,NULL),(33,42,'',811.000,832.000,NULL),(33,41,'',809.000,922.000,NULL),(33,40,'',763.000,1009.000,NULL),(33,39,'',674.000,1067.000,NULL),(33,38,'',657.000,964.000,NULL),(33,37,'',675.000,942.000,NULL),(33,36,'',677.000,917.000,NULL),(33,35,'',675.000,814.000,NULL),(33,34,'',595.000,844.000,NULL),(33,33,'',504.000,811.000,NULL),(33,32,'',478.000,723.000,NULL),(33,31,'',400.000,644.000,NULL),(33,30,'',405.000,553.000,NULL),(33,29,'',372.000,485.000,NULL),(33,28,'',306.000,469.000,NULL),(33,27,'',278.000,512.000,NULL),(33,26,'',257.000,560.000,NULL),(33,25,'',243.000,608.000,NULL),(33,24,'',232.000,647.000,NULL),(33,23,'',225.000,718.000,NULL),(33,22,'',220.000,817.000,NULL),(33,21,'',192.000,853.000,NULL),(33,20,'',163.000,892.000,NULL),(33,19,'',140.000,924.000,NULL),(33,18,'',129.000,957.000,NULL),(33,17,'',169.000,1004.000,NULL),(33,16,'',197.000,1015.000,NULL),(33,15,'',200.000,1044.000,NULL),(33,14,'',192.000,1071.000,NULL),(33,13,'',217.000,1114.000,NULL),(33,12,'',204.000,1161.000,NULL),(33,11,'',222.000,1180.000,NULL),(33,10,'',234.000,1201.000,NULL),(33,9,'',226.000,1230.000,NULL),(33,8,'',227.000,1273.000,NULL),(33,7,'',254.000,1315.000,NULL),(33,6,'',295.000,1333.000,NULL),(33,5,'',396.000,1298.000,NULL),(33,4,'',504.000,1246.000,NULL),(33,3,'',595.000,1187.000,NULL),(33,2,'',623.000,1110.000,NULL),(33,1,'',320.000,802.000,NULL),(33,0,'',641.000,1038.000,NULL),(32,146,'',1119.000,742.000,NULL),(35,0,'left pupil',242.000,503.000,1),(35,1,'right pupil',447.000,503.000,0),(35,2,'top of left iris',241.000,485.000,10),(35,3,'top-left of left iris',222.000,490.000,17),(35,4,'left of left iris',217.000,504.000,16),(35,5,'bottom-left of left iris',222.000,519.000,15),(35,6,'bottom of left iris',241.000,526.000,14),(35,7,'bottom-right of left iris',260.000,518.000,13),(35,8,'right of left iris',265.000,504.000,12),(35,9,'top-right of left iris',258.000,490.000,11),(35,10,'top of right iris',448.000,485.000,2),(35,11,'top-left of right iris',431.000,490.000,9),(35,12,'left of right iris',424.000,504.000,8),(35,13,'bottom-left of right iris',429.000,518.000,7),(35,14,'bottom of right iris',448.000,526.000,6),(35,15,'bottom-right of right iris',467.000,519.000,5),(35,16,'right of right iris',472.000,504.000,4),(35,17,'top-right of right iris',467.000,490.000,3),(35,18,'outside corner of left eye',198.000,511.000,27),(35,19,'top-left of left eye',210.000,494.000,26),(35,20,'top-centre of left eye',240.000,482.000,25),(35,21,'top-right of left eye',270.000,495.000,24),(35,22,'inside corner of left eye',281.000,515.000,23),(35,23,'inside corner of right eye',408.000,515.000,22),(35,24,'top-left of right eye',419.000,495.000,21),(35,25,'top-centre of right eye',449.000,482.000,20),(35,26,'top-right of right eye',479.000,494.000,19),(35,27,'outside corner of right eye',491.000,511.000,18),(35,28,'bottom-left of left eye',212.000,523.000,33),(35,29,'bottom-centre of left eye',237.000,529.000,32),(35,30,'bottom-right of left eye',264.000,524.000,31),(35,31,'bottom-left of right eye',425.000,524.000,30),(35,32,'bottom-centre of right eye',452.000,529.000,29),(35,33,'bottom-right of right eye',478.000,523.000,28),(35,34,'left of crease above left eye',183.000,497.000,43),(35,35,'centre-left of crease above left eye',210.000,479.000,42),(35,36,'centre of crease above left eye (above pupil)',240.000,474.000,41),(35,37,'centre-right of crease above left eye',267.000,482.000,40),(35,38,'right of crease above left eye',284.000,500.000,39),(35,39,'left of crease above right eye',405.000,500.000,38),(35,40,'centre-left of crease above right eye',422.000,482.000,37),(35,41,'centre of crease above right eye (above pupil)',449.000,474.000,36),(35,42,'centre-right of crease above right eye',479.000,479.000,35),(35,43,'right of crease above right eye',506.000,497.000,34),(35,44,'bottom-left of circle under left eye',214.000,567.000,49),(35,45,'centre of circle under left eye',255.000,556.000,48),(35,46,'top-right of circle under left eye',283.000,536.000,47),(35,47,'top-left of circle under right eye',406.000,536.000,46),(35,48,'centre of circle under right eye',434.000,556.000,45),(35,49,'bottom-right of circle under right eye',475.000,567.000,44),(35,50,'left side of bridge of nose (towards eyebrow)',317.000,477.000,56),(35,51,'left side of bridge of nose (in line with inside corners of eyes)',321.000,501.000,57),(35,52,'left side of bridge of nose',321.000,523.000,58),(35,53,'left side of bridge of nose',318.000,547.000,59),(35,54,'left side of tip of nose (most bulbous part)',315.000,574.000,60),(35,55,'bottom-centre of nose',345.000,616.000,55),(35,56,'right side of bridge of nose (towards eyebrow)',372.000,477.000,50),(35,57,'right side of bridge of nose (in line with inside corners of eyes)',368.000,501.000,51),(35,58,'right side of bridge of nose',368.000,523.000,52),(35,59,'right side of bridge of nose',371.000,547.000,53),(35,60,'right side of tip of nose (most bulbous part)',374.000,574.000,54),(35,61,'top of left outer nostril',292.000,586.000,66),(35,62,'upper-left of left outer nostril',284.000,604.000,67),(35,63,'lower-left of left outer nostril',295.000,621.000,68),(35,64,'bottom of left out nostril',315.000,620.000,69),(35,65,'left edge of left inner nostril',312.000,612.000,70),(35,66,'top of right outer nostril',397.000,586.000,61),(35,67,'upper-right of right outer nostril',405.000,604.000,62),(35,68,'lower-right of right outer nostril',394.000,621.000,63),(35,69,'bottom of right outer nostril',374.000,620.000,64),(35,70,'right edge of right inner nostril',377.000,612.000,65),(35,71,'left corner of left eyebrow',141.000,468.000,82),(35,72,'top of left eyebrow',164.000,435.000,81),(35,73,'top of left eyebrow',203.000,423.000,80),(35,74,'top of left eyebrow above pupil',241.000,424.000,79),(35,75,'top-right of left eyebrow',277.000,433.000,78),(35,76,'bottom-right of left eyebrow',284.000,452.000,77),(35,77,'bottom-left or right eyebrow',406.000,452.000,76),(35,78,'top-left of right eyebrow',412.000,433.000,75),(35,79,'top of right eyebrow above pupil',448.000,424.000,74),(35,80,'top of right eyebrow',486.000,423.000,73),(35,81,'top of right eyebrow',525.000,435.000,72),(35,82,'right corner of right eyebrow',548.000,468.000,71),(35,83,'bottom of left eyebrow',202.000,449.000,86),(35,84,'bottom of left eyebrow above pupil',241.000,449.000,85),(35,85,'bottom of right eyebrow above pupil',448.000,449.000,84),(35,86,'bottom of right eyebrow',487.000,449.000,83),(35,87,'left corner of the mouth',283.000,688.000,93),(35,88,'left of top of upper lip',307.000,676.000,92),(35,89,'left point of upper lip',329.000,660.000,91),(35,90,'centre of top of upper lip',345.000,667.000,90),(35,91,'right point of upper lip',360.000,660.000,89),(35,92,'right of top of upper lip',382.000,676.000,88),(35,93,'right corner of the mouth',406.000,688.000,87),(35,94,'left of bottom of upper lip',307.000,687.000,98),(35,95,'left-centre of bottom of upper lip',327.000,684.000,97),(35,96,'centre of bottom of upper lip',345.000,687.000,96),(35,97,'right-centre of bottom of upper lip',362.000,684.000,95),(35,98,'right of bottom of upper lip',382.000,687.000,94),(35,99,'left of top of lower lip',307.000,690.000,103),(35,100,'left-centre of top of lower lip',326.000,688.000,102),(35,101,'centre of top of lower lip',345.000,692.000,101),(35,102,'right-centre of top of lower lip',363.000,688.000,100),(35,103,'right of top of lower lip',382.000,690.000,99),(35,104,'left of bottom of lower lip',302.000,701.000,108),(35,105,'left-center of bottom of lower lip',321.000,707.000,107),(35,106,'centre of bottom of lower lip',345.000,709.000,106),(35,107,'right-centre of bottom of lower lip',368.000,707.000,105),(35,108,'right of bottom of lower lip',387.000,701.000,104),(35,109,'where top of left ear meets head',88.000,502.000,112),(35,110,'middle of where left ear meets head',101.000,562.000,113),(35,111,'where bottom of left ear meets head',120.000,640.000,114),(35,112,'where top of right ear meets head',601.000,502.000,109),(35,113,'middle of where right ear meets head',588.000,562.000,110),(35,114,'where bottom of right ear meets head',569.000,640.000,111),(35,115,'top of left ear',66.000,482.000,120),(35,116,'upper-middle outside of left ear',53.000,491.000,121),(35,117,'middle outside of left ear',71.000,566.000,122),(35,118,'lower-middle outside of left ear',85.000,606.000,123),(35,119,'bottom of left earlobe',102.000,633.000,124),(35,120,'top of right ear',623.000,482.000,115),(35,121,'upper-middle outside of right ear',637.000,491.000,116),(35,122,'middle outside of right ear',618.000,566.000,117),(35,123,'lower-middle outside of right ear',604.000,606.000,118),(35,124,'bottom of right earlobe',587.000,633.000,119),(35,125,'left jaw between ear and neck',145.000,713.000,133),(35,126,'where the left side of the neck meets the face',192.000,757.000,132),(35,127,'left jaw',237.000,778.000,131),(35,128,'bottom left corner of the chin',282.000,790.000,130),(35,129,'bottom centre of the chin',345.000,802.000,129),(35,130,'bottom right corner of the chin',407.000,790.000,128),(35,131,'right jaw',452.000,778.000,127),(35,132,'where the right side of the neck meets the face',497.000,757.000,126),(35,133,'right jaw between ear and neck',544.000,713.000,125),(35,134,'hairline',84.000,415.000,144),(35,135,'hairline',95.000,340.000,143),(35,136,'left temple hairline',117.000,278.000,142),(35,137,'hairline',164.000,224.000,141),(35,138,'hairline',242.000,183.000,140),(35,139,'centre of hairline',345.000,166.000,139),(35,140,'hairline',447.000,183.000,138),(35,141,'hairline',525.000,224.000,137),(35,142,'right temple hairline',572.000,278.000,136),(35,143,'hairline',594.000,340.000,135),(35,144,'hairline',605.000,415.000,134),(35,145,'left side of the neck, about 3cm down from the jaw',219.000,827.000,157),(35,146,'outside left earlobe (creates oval around head)',112.000,738.000,156),(35,147,'about 2cm to the left of the top of the left ear (creates oval around head)',42.000,562.000,155),(35,148,'outside left temple (creates oval around head)',34.000,420.000,154),(35,149,'top of head above left temple',83.000,298.000,153),(35,150,'top of head between left temple and centre',160.000,173.000,152),(35,151,'centre top of head',345.000,111.000,151),(35,152,'top of head between right temple and centre',548.000,189.000,150),(35,153,'top of head above right temple',615.000,321.000,149),(35,154,'outside right temple (creates oval around head)',655.000,420.000,148),(35,155,'about 2cm to the right of the top of the right ear (creates oval around head)',647.000,562.000,147),(35,156,'outside right earlobe (creates oval around head)',577.000,738.000,146),(35,157,'right side of the neck, about 3cm down from the jaw',471.000,827.000,145),(35,158,'top of left smile line',275.000,645.000,161),(35,159,'centre of left smile line',257.000,665.000,162),(35,160,'bottom of left smile line',249.000,688.000,163),(35,161,'top of right smile line',414.000,645.000,158),(35,162,'centre of right smile line',431.000,665.000,159),(35,163,'bottom of right smile line',439.000,688.000,160),(35,164,'top-left of left cheekbone',144.000,584.000,167),(35,165,'centre of left cheekbone',172.000,598.000,168),(35,166,'bottom-right of left cheekbone',205.000,604.000,169),(35,167,'top-right of right cheekbone',544.000,584.000,164),(35,168,'centre of right cheekbone',516.000,598.000,165),(35,169,'bottom-left of right cheekbone',483.000,604.000,166),(35,170,'top-left of philtrum',333.000,628.000,172),(35,171,'bottom-left of philtrum',330.000,644.000,173),(35,172,'top-right of philtrum',356.000,628.000,170),(35,173,'bottom-right of philtrum',359.000,644.000,171),(35,174,'top of chin dimple',345.000,739.000,174),(35,175,'bottom of chin dimple',345.000,754.000,175),(35,176,'left of horizontal crease under chin',318.000,730.000,178),(35,177,'centre of horizontal crease under chin',345.000,724.000,177),(35,178,'right of horizontal crease under chin',371.000,730.000,176),(35,179,'right edge of left inner nostril',311.000,604.000,182),(35,180,'right edge of septum (divides nostril)',326.000,606.000,181),(35,181,'left edge of septum (divides nostril)',363.000,606.000,180),(35,182,'left edge of right inner nostril',378.000,604.000,179),(35,183,'left of the adams apple',292.000,849.000,184),(35,184,'right of the adams apple',397.000,849.000,183),(35,185,'upper-middle of where left ear meets face',96.000,532.000,187),(35,186,'lower-middle of where left ear meets face',109.000,599.000,188),(35,187,'upper-middle of where right ear meets face',593.000,532.000,185),(35,188,'lower-middle of where right ear meets face',580.000,599.000,186),(35,189,'joins onto left ear between where ear meets face and top of ear so that line follows curve of the head',75.000,489.000,190),(35,190,'joins onto right ear between where ear meets face and top of ear so that line follows curve of the head',611.000,490.000,189);
/*!40000 ALTER TABLE `point` ENABLE KEYS */;
UNLOCK TABLES;

--
-- Table structure for table `tem_convert`
--

DROP TABLE IF EXISTS `tem_convert`;
/*!40101 SET @saved_cs_client     = @@character_set_client */;
/*!40101 SET character_set_client = utf8 */;
CREATE TABLE `tem_convert` (
  `new_tem` int(11) DEFAULT NULL,
  `n` int(4) DEFAULT NULL,
  `old_tem` int(11) DEFAULT NULL,
  `x` varchar(255) DEFAULT NULL,
  `y` varchar(255) DEFAULT NULL,
  UNIQUE KEY `old_tem` (`old_tem`,`new_tem`,`n`)
) ENGINE=InnoDB DEFAULT CHARSET=latin1;
/*!40101 SET character_set_client = @saved_cs_client */;

--
-- Dumping data for table `tem_convert`
--

LOCK TABLES `tem_convert` WRITE;
/*!40000 ALTER TABLE `tem_convert` DISABLE KEYS */;
INSERT INTO `tem_convert` VALUES (10,0,1,'x[0]','y[0]'),(10,1,1,'x[1]','y[1]'),(10,2,1,'x[2]','y[2]'),(10,3,1,'x[3]','y[3]'),(10,4,1,'x[4]','y[4]'),(10,5,1,'x[5]','y[5]'),(10,6,1,'x[6]','y[6]'),(10,7,1,'x[7]','y[7]'),(10,8,1,'x[8]','y[8]'),(10,9,1,'x[9]','y[9]'),(10,10,1,'x[10]','y[10]'),(10,11,1,'x[11]','y[11]'),(10,12,1,'x[12]','y[12]'),(10,13,1,'x[13]','y[13]'),(10,14,1,'x[14]','y[14]'),(10,15,1,'x[15]','y[15]'),(10,16,1,'x[16]','y[16]'),(10,17,1,'x[17]','y[17]'),(10,18,1,'x[18]','y[18]'),(10,19,1,'x[19]','y[19]'),(10,20,1,'x[20]','y[20]'),(10,21,1,'x[21]','y[21]'),(10,22,1,'x[22]','y[22]'),(10,23,1,'x[23]','y[23]'),(10,24,1,'x[24]','y[24]'),(10,25,1,'x[25]','y[25]'),(10,26,1,'x[26]','y[26]'),(10,27,1,'x[27]','y[27]'),(10,28,1,'x[28]','y[28]'),(10,29,1,'x[29]','y[29]'),(10,30,1,'x[30]','y[30]'),(10,31,1,'x[31]','y[31]'),(10,32,1,'x[32]','y[32]'),(10,33,1,'x[33]','y[33]'),(10,34,1,'x[34]','y[34]'),(10,35,1,'x[35]','y[35]'),(10,36,1,'x[36]','y[36]'),(10,37,1,'x[37]','y[37]'),(10,38,1,'x[38]','y[38]'),(10,39,1,'x[39]','y[39]'),(10,40,1,'x[40]','y[40]'),(10,41,1,'x[41]','y[41]'),(10,42,1,'x[42]','y[42]'),(10,43,1,'x[43]','y[43]'),(10,44,1,'x[44]','y[44]'),(10,45,1,'x[45]','y[45]'),(10,46,1,'x[46]','y[46]'),(10,47,1,'x[47]','y[47]'),(10,48,1,'x[48]','y[48]'),(10,49,1,'x[49]','y[49]'),(10,50,1,'x[50]','y[50]'),(10,51,1,'x[51]','y[51]'),(10,52,1,'x[52]','y[52]'),(10,53,1,'x[53]','y[53]'),(10,54,1,'x[54]','y[54]'),(10,55,1,'x[55]','y[55]'),(10,56,1,'x[56]','y[56]'),(10,57,1,'x[57]','y[57]'),(10,58,1,'x[58]','y[58]'),(10,59,1,'x[59]','y[59]'),(10,60,1,'x[60]','y[60]'),(10,61,1,'x[61]','y[61]'),(10,62,1,'x[62]','y[62]'),(10,63,1,'x[63]','y[63]'),(10,64,1,'x[64]','y[64]'),(10,65,1,'x[65]','y[65]'),(10,66,1,'x[66]','y[66]'),(10,67,1,'x[67]','y[67]'),(10,68,1,'x[68]','y[68]'),(10,69,1,'x[69]','y[69]'),(10,70,1,'x[70]','y[70]'),(10,71,1,'x[71]','y[71]'),(10,72,1,'x[72]','y[72]'),(10,73,1,'x[73]','y[73]'),(10,74,1,'x[74]','y[74]'),(10,75,1,'x[75]','y[75]'),(10,76,1,'x[76]','y[76]'),(10,77,1,'x[77]','y[77]'),(10,78,1,'x[78]','y[78]'),(10,79,1,'x[79]','y[79]'),(10,80,1,'x[80]','y[80]'),(10,81,1,'x[81]','y[81]'),(10,82,1,'x[82]','y[82]'),(10,83,1,'x[83]','y[83]'),(10,84,1,'x[84]','y[84]'),(10,85,1,'x[85]','y[85]'),(10,86,1,'x[86]','y[86]'),(10,87,1,'x[87]','y[87]'),(10,88,1,'x[88]','y[88]'),(10,89,1,'x[89]','y[89]'),(10,90,1,'x[90]','y[90]'),(10,91,1,'x[91]','y[91]'),(10,92,1,'x[92]','y[92]'),(10,93,1,'x[93]','y[93]'),(10,94,1,'x[94]','y[94]'),(10,95,1,'x[95]','y[95]'),(10,96,1,'x[96]','y[96]'),(10,97,1,'x[97]','y[97]'),(10,98,1,'x[98]','y[98]'),(10,99,1,'x[99]','y[99]'),(10,100,1,'x[100]','y[100]'),(10,101,1,'x[101]','y[101]'),(10,102,1,'x[102]','y[102]'),(10,103,1,'x[103]','y[103]'),(10,104,1,'x[104]','y[104]'),(10,105,1,'x[105]','y[105]'),(10,106,1,'x[106]','y[106]'),(10,107,1,'x[107]','y[107]'),(10,108,1,'x[108]','y[108]'),(10,109,1,'x[109]','y[109]'),(10,110,1,'x[110]','y[110]'),(10,111,1,'x[111]','y[111]'),(10,112,1,'x[112]','y[112]'),(10,113,1,'x[113]','y[113]'),(10,114,1,'x[114]','y[114]'),(10,115,1,'x[115]','y[115]'),(10,116,1,'x[116]','y[116]'),(10,117,1,'x[117]','y[117]'),(10,118,1,'x[118]','y[118]'),(10,119,1,'x[119]','y[119]'),(10,120,1,'x[120]','y[120]'),(10,121,1,'x[121]','y[121]'),(10,122,1,'x[122]','y[122]'),(10,123,1,'x[123]','y[123]'),(10,124,1,'x[124]','y[124]'),(10,125,1,'x[125]','y[125]'),(10,126,1,'x[126]','y[126]'),(10,127,1,'x[127]','y[127]'),(10,128,1,'x[128]','y[128]'),(10,129,1,'x[129]','y[129]'),(10,130,1,'x[130]','y[130]'),(10,131,1,'x[131]','y[131]'),(10,132,1,'x[132]','y[132]'),(10,133,1,'x[133]','y[133]'),(10,134,1,'x[134]','y[134]'),(10,135,1,'x[135]','y[135]'),(10,136,1,'x[136]','y[136]'),(10,137,1,'x[137]','y[137]'),(10,138,1,'x[138]','y[138]'),(10,139,1,'x[139]','y[139]'),(10,140,1,'x[140]','y[140]'),(10,141,1,'x[141]','y[141]'),(10,142,1,'x[142]','y[142]'),(10,143,1,'x[143]','y[143]'),(10,144,1,'x[144]','y[144]'),(10,145,1,'x[145]','y[145]'),(10,146,1,'x[146]','y[146]'),(10,147,1,'x[147]','y[147]'),(10,148,1,'x[148]','y[148]'),(10,149,1,'x[149]','y[149]'),(10,150,1,'x[150]','y[150]'),(10,151,1,'x[151]','y[151]'),(10,152,1,'x[152]','y[152]'),(10,153,1,'x[153]','y[153]'),(10,154,1,'x[154]','y[154]'),(10,155,1,'x[155]','y[155]'),(10,156,1,'x[156]','y[156]'),(10,157,1,'x[157]','y[157]'),(10,158,1,'x[158]','y[158]'),(10,159,1,'x[159]','y[159]'),(10,160,1,'x[160]','y[160]'),(10,161,1,'x[161]','y[161]'),(10,162,1,'x[162]','y[162]'),(10,163,1,'x[163]','y[163]'),(10,164,1,'x[164]','y[164]'),(10,165,1,'x[165]','y[165]'),(10,166,1,'x[166]','y[166]'),(10,167,1,'x[167]','y[167]'),(10,168,1,'x[168]','y[168]'),(10,169,1,'x[169]','y[169]'),(10,170,1,'x[170]','y[170]'),(10,171,1,'x[171]','y[171]'),(10,172,1,'x[172]','y[172]'),(10,173,1,'x[173]','y[173]'),(10,174,1,'x[174]','y[174]'),(10,175,1,'x[175]','y[175]'),(10,176,1,'x[176]','y[176]'),(10,177,1,'x[177]','y[177]'),(10,178,1,'x[178]','y[178]'),(1,0,10,'x[0]','y[0]'),(1,1,10,'x[1]','y[1]'),(1,2,10,'x[2]','y[2]'),(1,3,10,'x[3]','y[3]'),(1,4,10,'x[4]','y[4]'),(1,5,10,'x[5]','y[5]'),(1,6,10,'x[6]','y[6]'),(1,7,10,'x[7]','y[7]'),(1,8,10,'x[8]','y[8]'),(1,9,10,'x[9]','y[9]'),(1,10,10,'x[10]','y[10]'),(1,11,10,'x[11]','y[11]'),(1,12,10,'x[12]','y[12]'),(1,13,10,'x[13]','y[13]'),(1,14,10,'x[14]','y[14]'),(1,15,10,'x[15]','y[15]'),(1,16,10,'x[16]','y[16]'),(1,17,10,'x[17]','y[17]'),(1,18,10,'x[18]','y[18]'),(1,19,10,'x[19]','y[19]'),(1,20,10,'x[20]','y[20]'),(1,21,10,'x[21]','y[21]'),(1,22,10,'x[22]','y[22]'),(1,23,10,'x[23]','y[23]'),(1,24,10,'x[24]','y[24]'),(1,25,10,'x[25]','y[25]'),(1,26,10,'x[26]','y[26]'),(1,27,10,'x[27]','y[27]'),(1,28,10,'x[28]','y[28]'),(1,29,10,'x[29]','y[29]'),(1,30,10,'x[30]','y[30]'),(1,31,10,'x[31]','y[31]'),(1,32,10,'x[32]','y[32]'),(1,33,10,'x[33]','y[33]'),(1,34,10,'x[34]','y[34]'),(1,35,10,'x[35]','y[35]'),(1,36,10,'x[36]','y[36]'),(1,37,10,'x[37]','y[37]'),(1,38,10,'x[38]','y[38]'),(1,39,10,'x[39]','y[39]'),(1,40,10,'x[40]','y[40]'),(1,41,10,'x[41]','y[41]'),(1,42,10,'x[42]','y[42]'),(1,43,10,'x[43]','y[43]'),(1,44,10,'x[44]','y[44]'),(1,45,10,'x[45]','y[45]'),(1,46,10,'x[46]','y[46]'),(1,47,10,'x[47]','y[47]'),(1,48,10,'x[48]','y[48]'),(1,49,10,'x[49]','y[49]'),(1,50,10,'x[50]','y[50]'),(1,51,10,'x[51]','y[51]'),(1,52,10,'x[52]','y[52]'),(1,53,10,'x[53]','y[53]'),(1,54,10,'x[54]','y[54]'),(1,55,10,'x[55]','y[55]'),(1,56,10,'x[56]','y[56]'),(1,57,10,'x[57]','y[57]'),(1,58,10,'x[58]','y[58]'),(1,59,10,'x[59]','y[59]'),(1,60,10,'x[60]','y[60]'),(1,61,10,'x[61]','y[61]'),(1,62,10,'x[62]','y[62]'),(1,63,10,'x[63]','y[63]'),(1,64,10,'x[64]','y[64]'),(1,65,10,'x[65]','y[65]'),(1,66,10,'x[66]','y[66]'),(1,67,10,'x[67]','y[67]'),(1,68,10,'x[68]','y[68]'),(1,69,10,'x[69]','y[69]'),(1,70,10,'x[70]','y[70]'),(1,71,10,'x[71]','y[71]'),(1,72,10,'x[72]','y[72]'),(1,73,10,'x[73]','y[73]'),(1,74,10,'x[74]','y[74]'),(1,75,10,'x[75]','y[75]'),(1,76,10,'x[76]','y[76]'),(1,77,10,'x[77]','y[77]'),(1,78,10,'x[78]','y[78]'),(1,79,10,'x[79]','y[79]'),(1,80,10,'x[80]','y[80]'),(1,81,10,'x[81]','y[81]'),(1,82,10,'x[82]','y[82]'),(1,83,10,'x[83]','y[83]'),(1,84,10,'x[84]','y[84]'),(1,85,10,'x[85]','y[85]'),(1,86,10,'x[86]','y[86]'),(1,87,10,'x[87]','y[87]'),(1,88,10,'x[88]','y[88]'),(1,89,10,'x[89]','y[89]'),(1,90,10,'x[90]','y[90]'),(1,91,10,'x[91]','y[91]'),(1,92,10,'x[92]','y[92]'),(1,93,10,'x[93]','y[93]'),(1,94,10,'x[94]','y[94]'),(1,95,10,'x[95]','y[95]'),(1,96,10,'x[96]','y[96]'),(1,97,10,'x[97]','y[97]'),(1,98,10,'x[98]','y[98]'),(1,99,10,'x[99]','y[99]'),(1,100,10,'x[100]','y[100]'),(1,101,10,'x[101]','y[101]'),(1,102,10,'x[102]','y[102]'),(1,103,10,'x[103]','y[103]'),(1,104,10,'x[104]','y[104]'),(1,105,10,'x[105]','y[105]'),(1,106,10,'x[106]','y[106]'),(1,107,10,'x[107]','y[107]'),(1,108,10,'x[108]','y[108]'),(1,109,10,'x[109]','y[109]'),(1,110,10,'x[110]','y[110]'),(1,111,10,'x[111]','y[111]'),(1,112,10,'x[112]','y[112]'),(1,113,10,'x[113]','y[113]'),(1,114,10,'x[114]','y[114]'),(1,115,10,'x[115]','y[115]'),(1,116,10,'x[116]','y[116]'),(1,117,10,'x[117]','y[117]'),(1,118,10,'x[118]','y[118]'),(1,119,10,'x[119]','y[119]'),(1,120,10,'x[120]','y[120]'),(1,121,10,'x[121]','y[121]'),(1,122,10,'x[122]','y[122]'),(1,123,10,'x[123]','y[123]'),(1,124,10,'x[124]','y[124]'),(1,125,10,'x[125]','y[125]'),(1,126,10,'x[126]','y[126]'),(1,127,10,'x[127]','y[127]'),(1,128,10,'x[128]','y[128]'),(1,129,10,'x[129]','y[129]'),(1,130,10,'x[130]','y[130]'),(1,131,10,'x[131]','y[131]'),(1,132,10,'x[132]','y[132]'),(1,133,10,'x[133]','y[133]'),(1,134,10,'x[134]','y[134]'),(1,135,10,'x[135]','y[135]'),(1,136,10,'x[136]','y[136]'),(1,137,10,'x[137]','y[137]'),(1,138,10,'x[138]','y[138]'),(1,139,10,'x[139]','y[139]'),(1,140,10,'x[140]','y[140]'),(1,141,10,'x[141]','y[141]'),(1,142,10,'x[142]','y[142]'),(1,143,10,'x[143]','y[143]'),(1,144,10,'x[144]','y[144]'),(1,145,10,'x[145]','y[145]'),(1,146,10,'x[146]','y[146]'),(1,147,10,'x[147]','y[147]'),(1,148,10,'x[148]','y[148]'),(1,149,10,'x[149]','y[149]'),(1,150,10,'x[150]','y[150]'),(1,151,10,'x[151]','y[151]'),(1,152,10,'x[152]','y[152]'),(1,153,10,'x[153]','y[153]'),(1,154,10,'x[154]','y[154]'),(1,155,10,'x[155]','y[155]'),(1,156,10,'x[156]','y[156]'),(1,157,10,'x[157]','y[157]'),(1,158,10,'x[158]','y[158]'),(1,159,10,'x[159]','y[159]'),(1,160,10,'x[160]','y[160]'),(1,161,10,'x[161]','y[161]'),(1,162,10,'x[162]','y[162]'),(1,163,10,'x[163]','y[163]'),(1,164,10,'x[164]','y[164]'),(1,165,10,'x[165]','y[165]'),(1,166,10,'x[166]','y[166]'),(1,167,10,'x[167]','y[167]'),(1,168,10,'x[168]','y[168]'),(1,169,10,'x[169]','y[169]'),(1,170,10,'x[170]','y[170]'),(1,171,10,'x[171]','y[171]'),(1,172,10,'x[172]','y[172]'),(1,173,10,'x[173]','y[173]'),(1,174,10,'x[174]','y[174]'),(1,175,10,'x[175]','y[175]'),(1,176,10,'x[176]','y[176]'),(1,177,10,'x[177]','y[177]'),(1,178,10,'x[178]','y[178]'),(1,179,10,'(x[55]+x[65])/2','y[65]'),(1,180,10,'x[55]-((x[55]-x[65])/4)','y[55]'),(1,181,10,'x[55]+((x[70]-x[55])/4)','y[55]'),(1,182,10,'(x[55]+x[70])/2','y[70]'),(1,183,10,'x[128]','y[128]+(y[145]-y[126])'),(1,184,10,'x[130]','y[130]+(y[157]-y[132])'),(1,185,10,'(x[109]+x[110])/2','(y[109]+y[110])/2'),(1,186,10,'(x[110]+x[111])/2','(y[110]+y[111])/2'),(1,187,10,'(x[112]+x[113])/2','(y[112]+y[113])/2'),(1,188,10,'(x[113]+x[114])/2','(y[113]+y[114])/2'),(1,0,30,'x[0]','y[0]'),(1,1,30,'x[1]','y[1]'),(1,2,30,'x[4]','y[4]'),(1,3,30,'x[0] - (y[13] - y[0])','y[4]'),(1,4,30,'x[0] - (y[13] - y[0])','y[0]'),(1,5,30,'x[0] - .75*(y[13] - y[0])','y[13]'),(1,6,30,'x[13]','y[13]'),(1,7,30,'x[0] + .75*(y[13] - y[0])','y[13]'),(1,8,30,'x[0] + (y[13] - y[0])','y[0]'),(1,9,30,'x[0] + (y[13] - y[0])','y[4]'),(1,10,30,'x[9]','y[9]'),(1,11,30,'x[1] - (y[16] - y[1])','y[9]'),(1,12,30,'x[1] - (y[16] - y[1])','y[1]'),(1,13,30,'x[1] - .75*(y[16] - y[1])','y[16]'),(1,14,30,'x[16]','y[16]'),(1,15,30,'x[1] + .75*(y[16] - y[1])','y[16]'),(1,16,30,'x[1] + (y[16] - y[1])','y[1]'),(1,17,30,'x[1] + (y[16] - y[1])','y[9]'),(1,18,30,'x[2]','y[2]'),(1,19,30,'x[3]','y[3]'),(1,20,30,'x[4]','y[4]'),(1,21,30,'x[5]','y[5]'),(1,22,30,'x[6]','y[6]'),(1,23,30,'x[7]','y[7]'),(1,24,30,'x[8]','y[8]'),(1,25,30,'x[9]','y[9]'),(1,26,30,'x[10]','y[10]'),(1,27,30,'x[11]','y[11]'),(1,28,30,'x[12]','y[12]'),(1,29,30,'x[13]','y[13]'),(1,30,30,'x[14]','y[14]'),(1,31,30,'x[15]','y[15]'),(1,32,30,'x[16]','y[16]'),(1,33,30,'x[17]','y[17]'),(1,34,30,'x[18]','y[18]'),(1,35,30,'x[19]','y[19]'),(1,36,30,'x[20]','y[20]'),(1,37,30,'x[21]','y[21]'),(1,38,30,'x[22]','y[22]'),(1,39,30,'x[23]','y[23]'),(1,40,30,'x[24]','y[24]'),(1,41,30,'x[25]','y[25]'),(1,42,30,'x[26]','y[26]'),(1,43,30,'x[27]','y[27]'),(1,44,30,'x[13]','y[13] + 2*(y[13]-y[4])'),(1,45,30,'x[14]','y[14] + 1.5*(y[13]-y[4])'),(1,46,30,'x[6]','y[6] + (y[13]-y[4])'),(1,47,30,'x[7]','y[7] + (y[16]-y[9])'),(1,48,30,'x[15]','y[15] + 1.5*(y[16]-y[9])'),(1,49,30,'x[16]','y[16] + 2*(y[16]-y[9])'),(1,50,30,'(x[46]+x[28])/2','(y[46]+y[28])/2'),(1,51,30,'x[28]','y[28]'),(1,52,30,'(x[28]+x[29])/2','(y[28]+y[29])/2'),(1,53,30,'x[29]','y[29]'),(1,54,30,'x[30]','y[30]'),(1,55,30,'x[31]','y[31]'),(1,56,30,'(x[32]+x[47])/2','(y[32]+y[47])/2'),(1,57,30,'x[32]','y[32]'),(1,58,30,'(x[32]+x[33])/2','(y[32]+y[33])/2'),(1,59,30,'x[33]','y[33]'),(1,60,30,'x[34]','y[34]'),(1,61,30,'x[35]','y[35]'),(1,62,30,'x[36]','(y[36]+y[35])/2'),(1,63,30,'x[36]','(y[36]+y[37])/2'),(1,64,30,'x[37]','y[37]'),(1,65,30,'(x[92]+x[36])/2','y[92]'),(1,66,30,'x[38]','y[38]'),(1,67,30,'x[39]','(y[39]+y[38])/2'),(1,68,30,'x[39]','(y[39]+y[40])/2'),(1,69,30,'x[40]','y[40]'),(1,70,30,'(x[93]+x[39])/2','y[93]'),(1,71,30,'x[41]','y[41]'),(1,72,30,'x[42]','y[42]'),(1,73,30,'x[43]','y[43]'),(1,74,30,'x[44]','y[44]'),(1,75,30,'x[45]','y[45]'),(1,76,30,'x[46]','y[46]'),(1,77,30,'x[47]','y[47]'),(1,78,30,'x[48]','y[48]'),(1,79,30,'x[49]','y[49]'),(1,80,30,'x[50]','y[50]'),(1,81,30,'x[51]','y[51]'),(1,82,30,'x[52]','y[52]'),(1,83,30,'x[53]','y[53]'),(1,84,30,'x[54]','y[54]'),(1,85,30,'x[55]','y[55]'),(1,86,30,'x[56]','y[56]'),(1,87,30,'x[57]','y[57]'),(1,88,30,'x[58]','y[58]'),(1,89,30,'x[59]','y[59]'),(1,90,30,'x[60]','y[60]'),(1,91,30,'x[61]','y[61]'),(1,92,30,'x[62]','y[62]'),(1,93,30,'x[63]','y[63]'),(1,94,30,'x[58]','y[64]'),(1,95,30,'x[59]','y[64]'),(1,96,30,'x[64]','y[64]'),(1,97,30,'x[61]','y[64]'),(1,98,30,'x[62]','y[64]'),(1,99,30,'x[58]','y[94]'),(1,100,30,'x[59]','y[94]'),(1,101,30,'x[94]','y[94]'),(1,102,30,'x[61]','y[94]'),(1,103,30,'x[62]','y[94]'),(1,104,30,'x[65]','y[65]'),(1,105,30,'x[66]','y[66]'),(1,106,30,'x[67]','y[67]'),(1,107,30,'x[68]','y[68]'),(1,108,30,'x[69]','y[69]'),(1,109,30,'x[70]','y[70]'),(1,110,30,'x[71]','y[71]'),(1,111,30,'x[72]','y[72]'),(1,112,30,'x[73]','y[73]'),(1,113,30,'x[74]','y[74]'),(1,114,30,'x[75]','y[75]'),(1,115,30,'x[70] - (x[1]-x[0])/10','y[70]'),(1,116,30,'(x[71]+x[70])/2 - (x[1]-x[0])/10','(y[70]+y[71])/2'),(1,117,30,'x[71] - (x[1]-x[0])/10','y[71]'),(1,118,30,'(x[72]+x[71])/2 - (x[1]-x[0])/10','(y[71]+y[72])/2'),(1,119,30,'x[72] - (x[1]-x[0])/10','y[72]'),(1,120,30,'x[73] + (x[1]-x[0])/10','y[73]'),(1,121,30,'(x[74]+x[73])/2 + (x[1]-x[0])/10','(y[73]+y[74])/2'),(1,122,30,'x[74] + (x[1]-x[0])/10','y[74]'),(1,123,30,'(x[75]+x[74])/2 + (x[1]-x[0])/10','(y[74]+y[75])/2'),(1,124,30,'x[75] + (x[1]-x[0])/10','y[75]'),(1,125,30,'x[76]','y[76]'),(1,126,30,'x[77]','y[77]'),(1,127,30,'x[78]','y[78]'),(1,128,30,'x[79]','y[79]'),(1,129,30,'x[80]','y[80]'),(1,130,30,'x[81]','y[81]'),(1,131,30,'x[82]','y[82]'),(1,132,30,'x[83]','y[83]'),(1,133,30,'x[84]','y[84]'),(1,134,30,'(x[70] + x[85])/2','(y[70] + y[85])/2'),(1,135,30,'x[85]','y[85]'),(1,136,30,'(x[85] + x[86])/2','(y[85] + y[86])/2'),(1,137,30,'x[86]','y[86]'),(1,138,30,'(x[86] + x[87])/2','(y[86] + y[87])/2'),(1,139,30,'x[87]','y[87]'),(1,140,30,'(x[87] + x[88])/2','(y[87] + y[88])/2'),(1,141,30,'x[88]','y[88]'),(1,142,30,'(x[88] + x[89])/2','(y[88] + y[89])/2'),(1,143,30,'x[89]','y[89]'),(1,144,30,'(x[89] + x[73])/2','(y[89] + y[73])/2'),(1,145,30,'x[90]','y[90]'),(1,146,30,'x[76] - (x[6]-x[2])','y[76]'),(1,147,30,'x[70] - (x[6]-x[2])','y[70]'),(1,148,30,'x[70] - (x[1]-x[0])/10','y[85]'),(1,149,30,'x[85]','y[87]'),(1,150,30,'x[86]','y[86] - (x[6]-x[2])'),(1,151,30,'x[87]','y[87] - (x[6]-x[2])'),(1,152,30,'x[88]','y[88] - (x[6]-x[2])'),(1,153,30,'x[89]','y[87]'),(1,154,30,'x[73] + (x[1]-x[0])/10','y[89]'),(1,155,30,'x[73] + (x[11]-x[7])','y[73]'),(1,156,30,'x[84] + (x[11]-x[7])','y[84]'),(1,157,30,'x[91]','y[91]'),(1,158,30,'x[36]','y[37]'),(1,159,30,'(x[36]+x[57])/2','(y[36]+y[57])/2'),(1,160,30,'x[57]','y[59]'),(1,161,30,'x[39]','y[40]'),(1,162,30,'(x[39]+x[63])/2','(y[39]+y[63])/2'),(1,163,30,'x[63]','y[61]'),(1,164,30,'x[41]','(y[70]+y[71])/2'),(1,165,30,'x[18]','(y[71]+y[35])/2'),(1,166,30,'x[13]','y[35]'),(1,167,30,'x[52]','(y[73]+y[74])/2'),(1,168,30,'x[27]','(y[74]+y[38])/2'),(1,169,30,'x[16]','y[38]'),(1,170,30,'(x[92]+x[59])/2','(y[92]+y[59])/2'),(1,171,30,'(x[92]+x[59])/2 - abs(x[92]-x[59])/4','(y[92]+y[59])/2 + abs(y[59]-y[92])/4'),(1,172,30,'(x[93]+x[61])/2','(y[93]+y[61])/2'),(1,173,30,'(x[93]+x[61])/2 - abs(x[61]-x[93])/4','(y[93]+y[61])/2 + abs(y[61]-y[93])/4'),(1,174,30,'(x[67]+x[80])/2','(y[67]+y[80])/2'),(1,175,30,'(x[67]+x[80])/2 + (x[80]-x[67])/4','(y[67]+y[80])/2 + (y[80]-y[67])/4'),(1,176,30,'x[66]','(y[67]+y[80])/2 - (y[80]-y[67])/8'),(1,177,30,'(x[67]+x[80])/2 - (x[80]-x[67])/4','(y[67]+y[80])/2 - (y[80]-y[67])/4'),(1,178,30,'x[68]','(y[67]+y[80])/2 - (y[80]-y[67])/8'),(1,179,30,'x[92]','y[92]'),(1,180,30,'(x[31]+x[92])/2','(y[31]+y[92])/2'),(1,181,30,'(x[31]+x[93])/2','(y[31]+y[93])/2'),(1,182,30,'x[93]','y[93]'),(1,183,30,'x[79]','y[79] + (y[90] - y[77])'),(1,184,30,'x[81]','y[81] + (y[91] - y[83])'),(1,185,30,'(x[70]+x[71])/2','(y[70]+y[71])/2'),(1,186,30,'(x[71]+x[72])/2','(y[71]+y[72])/2'),(1,187,30,'(x[73]+x[74])/2','(y[73]+y[74])/2'),(1,188,30,'(x[74]+x[75])/2','(y[74]+y[75])/2'),(35,0,1,'x[0]','y[0]'),(35,1,1,'x[1]','y[1]'),(35,2,1,'x[2]','y[2]'),(35,3,1,'x[3]','y[3]'),(35,4,1,'x[4]','y[4]'),(35,5,1,'x[5]','y[5]'),(35,6,1,'x[6]','y[6]'),(35,7,1,'x[7]','y[7]'),(35,8,1,'x[8]','y[8]'),(35,9,1,'x[9]','y[9]'),(35,10,1,'x[10]','y[10]'),(35,11,1,'x[11]','y[11]'),(35,12,1,'x[12]','y[12]'),(35,13,1,'x[13]','y[13]'),(35,14,1,'x[14]','y[14]'),(35,15,1,'x[15]','y[15]'),(35,16,1,'x[16]','y[16]'),(35,17,1,'x[17]','y[17]'),(35,18,1,'x[18]','y[18]'),(35,19,1,'x[19]','y[19]'),(35,20,1,'x[20]','y[20]'),(35,21,1,'x[21]','y[21]'),(35,22,1,'x[22]','y[22]'),(35,23,1,'x[23]','y[23]'),(35,24,1,'x[24]','y[24]'),(35,25,1,'x[25]','y[25]'),(35,26,1,'x[26]','y[26]'),(35,27,1,'x[27]','y[27]'),(35,28,1,'x[28]','y[28]'),(35,29,1,'x[29]','y[29]'),(35,30,1,'x[30]','y[30]'),(35,31,1,'x[31]','y[31]'),(35,32,1,'x[32]','y[32]'),(35,33,1,'x[33]','y[33]'),(35,34,1,'x[34]','y[34]'),(35,35,1,'x[35]','y[35]'),(35,36,1,'x[36]','y[36]'),(35,37,1,'x[37]','y[37]'),(35,38,1,'x[38]','y[38]'),(35,39,1,'x[39]','y[39]'),(35,40,1,'x[40]','y[40]'),(35,41,1,'x[41]','y[41]'),(35,42,1,'x[42]','y[42]'),(35,43,1,'x[43]','y[43]'),(35,44,1,'x[44]','y[44]'),(35,45,1,'x[45]','y[45]'),(35,46,1,'x[46]','y[46]'),(35,47,1,'x[47]','y[47]'),(35,48,1,'x[48]','y[48]'),(35,49,1,'x[49]','y[49]'),(35,50,1,'x[50]','y[50]'),(35,51,1,'x[51]','y[51]'),(35,52,1,'x[52]','y[52]'),(35,53,1,'x[53]','y[53]'),(35,54,1,'x[54]','y[54]'),(35,55,1,'x[55]','y[55]'),(35,56,1,'x[56]','y[56]'),(35,57,1,'x[57]','y[57]'),(35,58,1,'x[58]','y[58]'),(35,59,1,'x[59]','y[59]'),(35,60,1,'x[60]','y[60]'),(35,61,1,'x[61]','y[61]'),(35,62,1,'x[62]','y[62]'),(35,63,1,'x[63]','y[63]'),(35,64,1,'x[64]','y[64]'),(35,65,1,'x[65]','y[65]'),(35,66,1,'x[66]','y[66]'),(35,67,1,'x[67]','y[67]'),(35,68,1,'x[68]','y[68]'),(35,69,1,'x[69]','y[69]'),(35,70,1,'x[70]','y[70]'),(35,71,1,'x[71]','y[71]'),(35,72,1,'x[72]','y[72]'),(35,73,1,'x[73]','y[73]'),(35,74,1,'x[74]','y[74]'),(35,75,1,'x[75]','y[75]'),(35,76,1,'x[76]','y[76]'),(35,77,1,'x[77]','y[77]'),(35,78,1,'x[78]','y[78]'),(35,79,1,'x[79]','y[79]'),(35,80,1,'x[80]','y[80]'),(35,81,1,'x[81]','y[81]'),(35,82,1,'x[82]','y[82]'),(35,83,1,'x[83]','y[83]'),(35,84,1,'x[84]','y[84]'),(35,85,1,'x[85]','y[85]'),(35,86,1,'x[86]','y[86]'),(35,87,1,'x[87]','y[87]'),(35,88,1,'x[88]','y[88]'),(35,89,1,'x[89]','y[89]'),(35,90,1,'x[90]','y[90]'),(35,91,1,'x[91]','y[91]'),(35,92,1,'x[92]','y[92]'),(35,93,1,'x[93]','y[93]'),(35,94,1,'x[94]','y[94]'),(35,95,1,'x[95]','y[95]'),(35,96,1,'x[96]','y[96]'),(35,97,1,'x[97]','y[97]'),(35,98,1,'x[98]','y[98]'),(35,99,1,'x[99]','y[99]'),(35,100,1,'x[100]','y[100]'),(35,101,1,'x[101]','y[101]'),(35,102,1,'x[102]','y[102]'),(35,103,1,'x[103]','y[103]'),(35,104,1,'x[104]','y[104]'),(35,105,1,'x[105]','y[105]'),(35,106,1,'x[106]','y[106]'),(35,107,1,'x[107]','y[107]'),(35,108,1,'x[108]','y[108]'),(35,109,1,'x[109]','y[109]'),(35,110,1,'x[110]','y[110]'),(35,111,1,'x[111]','y[111]'),(35,112,1,'x[112]','y[112]'),(35,113,1,'x[113]','y[113]'),(35,114,1,'x[114]','y[114]'),(35,115,1,'x[115]','y[115]'),(35,116,1,'x[116]','y[116]'),(35,117,1,'x[117]','y[117]'),(35,118,1,'x[118]','y[118]'),(35,119,1,'x[119]','y[119]'),(35,120,1,'x[120]','y[120]'),(35,121,1,'x[121]','y[121]'),(35,122,1,'x[122]','y[122]'),(35,123,1,'x[123]','y[123]'),(35,124,1,'x[124]','y[124]'),(35,125,1,'x[125]','y[125]'),(35,126,1,'x[126]','y[126]'),(35,127,1,'x[127]','y[127]'),(35,128,1,'x[128]','y[128]'),(35,129,1,'x[129]','y[129]'),(35,130,1,'x[130]','y[130]'),(35,131,1,'x[131]','y[131]'),(35,132,1,'x[132]','y[132]'),(35,133,1,'x[133]','y[133]'),(35,134,1,'x[134]','y[134]'),(35,135,1,'x[135]','y[135]'),(35,136,1,'x[136]','y[136]'),(35,137,1,'x[137]','y[137]'),(35,138,1,'x[138]','y[138]'),(35,139,1,'x[139]','y[139]'),(35,140,1,'x[140]','y[140]'),(35,141,1,'x[141]','y[141]'),(35,142,1,'x[142]','y[142]'),(35,143,1,'x[143]','y[143]'),(35,144,1,'x[144]','y[144]'),(35,145,1,'x[145]','y[145]'),(35,146,1,'x[146]','y[146]'),(35,147,1,'x[147]','y[147]'),(35,148,1,'x[148]','y[148]'),(35,149,1,'x[149]','y[149]'),(35,150,1,'x[150]','y[150]'),(35,151,1,'x[151]','y[151]'),(35,152,1,'x[152]','y[152]'),(35,153,1,'x[153]','y[153]'),(35,154,1,'x[154]','y[154]'),(35,155,1,'x[155]','y[155]'),(35,156,1,'x[156]','y[156]'),(35,157,1,'x[157]','y[157]'),(35,158,1,'x[158]','y[158]'),(35,159,1,'x[159]','y[159]'),(35,160,1,'x[160]','y[160]'),(35,161,1,'x[161]','y[161]'),(35,162,1,'x[162]','y[162]'),(35,163,1,'x[163]','y[163]'),(35,164,1,'x[164]','y[164]'),(35,165,1,'x[165]','y[165]'),(35,166,1,'x[166]','y[166]'),(35,167,1,'x[167]','y[167]'),(35,168,1,'x[168]','y[168]'),(35,169,1,'x[169]','y[169]'),(35,170,1,'x[170]','y[170]'),(35,171,1,'x[171]','y[171]'),(35,172,1,'x[172]','y[172]'),(35,173,1,'x[173]','y[173]'),(35,174,1,'x[174]','y[174]'),(35,175,1,'x[175]','y[175]'),(35,176,1,'x[176]','y[176]'),(35,177,1,'x[177]','y[177]'),(35,178,1,'x[178]','y[178]'),(35,179,1,'x[179]','y[179]'),(35,180,1,'x[180]','y[180]'),(35,181,1,'x[181]','y[181]'),(35,182,1,'x[182]','y[182]'),(35,183,1,'x[183]','y[183]'),(35,184,1,'x[184]','y[184]'),(35,185,1,'x[185]','y[185]'),(35,186,1,'x[186]','y[186]'),(35,187,1,'x[187]','y[187]'),(35,188,1,'x[188]','y[188]'),(35,189,1,'(x[115]+x[109])/2','(y[115]+y[109])/2'),(35,190,1,'(x[112]+x[120])/2','(y[112]+y[120])/2');
/*!40000 ALTER TABLE `tem_convert` ENABLE KEYS */;
UNLOCK TABLES;
/*!40103 SET TIME_ZONE=@OLD_TIME_ZONE */;

/*!40101 SET SQL_MODE=@OLD_SQL_MODE */;
/*!40014 SET FOREIGN_KEY_CHECKS=@OLD_FOREIGN_KEY_CHECKS */;
/*!40014 SET UNIQUE_CHECKS=@OLD_UNIQUE_CHECKS */;
/*!40101 SET CHARACTER_SET_CLIENT=@OLD_CHARACTER_SET_CLIENT */;
/*!40101 SET CHARACTER_SET_RESULTS=@OLD_CHARACTER_SET_RESULTS */;
/*!40101 SET COLLATION_CONNECTION=@OLD_COLLATION_CONNECTION */;
/*!40111 SET SQL_NOTES=@OLD_SQL_NOTES */;

-- Dump completed on 2018-02-06 10:43:21
